product_id,warehouse_id,forecast_demand,forecast_horizon
1,1,17291.87,6m
1,2,12668.0,6m
1,3,10193.72,6m
2,1,19615.15,6m
2,2,13130.55,6m
2,3,11472.04,6m
3,1,11352.27,6m
3,2,8847.8,6m
3,3,6436.19,6m
4,1,7925.8,6m
4,2,6020.99,6m
4,3,4663.48,6m
5,1,6714.3,6m
5,2,5296.67,6m
5,3,3893.05,6m
6,1,7986.8,6m
6,2,6004.41,6m
6,3,4588.49,6m
7,1,4017.52,6m
7,2,4043.52,6m
7,3,2362.74,6m
8,1,5789.93,6m
8,2,4569.09,6m
8,3,3262.95,6m
9,1,8349.53,6m
9,2,6330.62,6m
9,3,5310.75,6m
10,1,11837.88,6m
10,2,10869.89,6m
10,3,6903.77,6m
