product_id,warehouse_id,month,monthly_forecast_demand
1,1,2026-01,2906.57
1,1,2026-02,2692.01
1,1,2026-03,2978.4900000000002
1,1,2026-04,2884.47
1,1,2026-05,3000.09
1,1,2026-06,2830.24
1,2,2026-01,2173.4
1,2,2026-02,1951.77
1,2,2026-03,2159.17
1,2,2026-04,2127.9
1,2,2026-05,2163.37
1,2,2026-06,2092.39
1,3,2026-01,1735.1
1,3,2026-02,1584.17
1,3,2026-03,1758.96
1,3,2026-04,1714.91
1,3,2026-05,1748.71
1,3,2026-06,1651.87
2,1,2026-01,3353.83
2,1,2026-02,2997.67
2,1,2026-03,3403.78
2,1,2026-04,3257.27
2,1,2026-05,3388.9700000000003
2,1,2026-06,3213.63
2,2,2026-01,2378.71
2,2,2026-02,2073.25
2,2,2026-03,2233.06
2,2,2026-04,2148.69
2,2,2026-05,2180.71
2,2,2026-06,2116.13
2,3,2026-01,1888.68
2,3,2026-02,1742.9
2,3,2026-03,1979.7
2,3,2026-04,1943.44
2,3,2026-05,1991.14
2,3,2026-06,1926.18
3,1,2026-01,1874.28
3,1,2026-02,1743.51
3,1,2026-03,1965.74
3,1,2026-04,1928.1
3,1,2026-05,1978.82
3,1,2026-06,1861.82
3,2,2026-01,1576.5
3,2,2026-02,1403.11
3,2,2026-03,1536.15
3,2,2026-04,1469.27
3,2,2026-05,1490.81
3,2,2026-06,1371.96
3,3,2026-01,1122.55
3,3,2026-02,992.54
3,3,2026-03,1100.54
3,3,2026-04,1072.78
3,3,2026-05,1094.05
3,3,2026-06,1053.73
4,1,2026-01,1375.93
4,1,2026-02,1246.51
4,1,2026-03,1361.09
4,1,2026-04,1325.91
4,1,2026-05,1355.55
4,1,2026-06,1260.81
4,2,2026-01,1031.99
4,2,2026-02,931.27
4,2,2026-03,1021.84
4,2,2026-04,1015.99
4,2,2026-05,1038.07
4,2,2026-06,981.83
4,3,2026-01,809.91
4,3,2026-02,717.99
4,3,2026-03,786.01
4,3,2026-04,780.44
4,3,2026-05,805.92
4,3,2026-06,763.21
5,1,2026-01,1166.18
5,1,2026-02,1042.82
5,1,2026-03,1155.93
5,1,2026-04,1126.06
5,1,2026-05,1155.68
5,1,2026-06,1067.63
5,2,2026-01,930.08
5,2,2026-02,829.22
5,2,2026-03,900.37
5,2,2026-04,879.19
5,2,2026-05,909.98
5,2,2026-06,847.83
5,3,2026-01,671.18
5,3,2026-02,600.38
5,3,2026-03,661.42
5,3,2026-04,654.22
5,3,2026-05,670.46
5,3,2026-06,635.39
6,1,2026-01,1371.24
6,1,2026-02,1236.29
6,1,2026-03,1395.18
6,1,2026-04,1346.24
6,1,2026-05,1373.35
6,1,2026-06,1264.5
6,2,2026-01,1052.52
6,2,2026-02,926.63
6,2,2026-03,1016.26
6,2,2026-04,1007.1
6,2,2026-05,1030.39
6,2,2026-06,971.51
6,3,2026-01,775.68
6,3,2026-02,709.55
6,3,2026-03,785.52
6,3,2026-04,777.28
6,3,2026-05,792.26
6,3,2026-06,748.2
7,1,2026-01,679.86
7,1,2026-02,609.01
7,1,2026-03,672.59
7,1,2026-04,676.58
7,1,2026-05,714.0
7,1,2026-06,665.48
7,2,2026-01,774.78
7,2,2026-02,669.49
7,2,2026-03,720.18
7,2,2026-04,664.87
7,2,2026-05,656.13
7,2,2026-06,558.07
7,3,2026-01,404.58
7,3,2026-02,355.53
7,3,2026-03,395.53
7,3,2026-04,407.43
7,3,2026-05,419.1
7,3,2026-06,380.57
8,1,2026-01,953.79
8,1,2026-02,871.03
8,1,2026-03,1001.37
8,1,2026-04,986.35
8,1,2026-05,1012.52
8,1,2026-06,964.87
8,2,2026-01,779.95
8,2,2026-02,711.17
8,2,2026-03,782.72
8,2,2026-04,771.1
8,2,2026-05,786.56
8,2,2026-06,737.59
8,3,2026-01,558.48
8,3,2026-02,501.81
8,3,2026-03,552.3
8,3,2026-04,544.01
8,3,2026-05,558.88
8,3,2026-06,547.47
9,1,2026-01,1382.01
9,1,2026-02,1249.5
9,1,2026-03,1409.67
9,1,2026-04,1382.62
9,1,2026-05,1469.79
9,1,2026-06,1455.94
9,2,2026-01,1068.68
9,2,2026-02,957.01
9,2,2026-03,1088.71
9,2,2026-04,1070.2
9,2,2026-05,1092.18
9,2,2026-06,1053.84
9,3,2026-01,901.92
9,3,2026-02,825.54
9,3,2026-03,907.79
9,3,2026-04,895.82
9,3,2026-05,914.45
9,3,2026-06,865.23
10,1,2026-01,2164.91
10,1,2026-02,1835.18
10,1,2026-03,2008.03
10,1,2026-04,1962.1100000000001
10,1,2026-05,1990.97
10,1,2026-06,1876.68
10,2,2026-01,1721.32
10,2,2026-02,1586.1
10,2,2026-03,1836.71
10,2,2026-04,1901.09
10,2,2026-05,1978.5
10,2,2026-06,1846.17
10,3,2026-01,1214.09
10,3,2026-02,1069.6
10,3,2026-03,1173.91
10,3,2026-04,1154.9
10,3,2026-05,1173.7
10,3,2026-06,1117.57
