product_id,warehouse_id,forecast_date,predicted_demand
1,1,2026-01-01,97.46
1,1,2026-01-02,105.46
1,1,2026-01-03,88.64
1,1,2026-01-04,70.7
1,1,2026-01-05,91.78
1,1,2026-01-06,97.51
1,1,2026-01-07,98.44
1,1,2026-01-08,97.89
1,1,2026-01-09,98.47
1,1,2026-01-10,83.64
1,1,2026-01-11,78.76
1,1,2026-01-12,101.5
1,1,2026-01-13,98.18
1,1,2026-01-14,98.12
1,1,2026-01-15,102.28
1,1,2026-01-16,101.8
1,1,2026-01-17,79.26
1,1,2026-01-18,66.55
1,1,2026-01-19,97.31
1,1,2026-01-20,108.42
1,1,2026-01-21,96.99
1,1,2026-01-22,104.85
1,1,2026-01-23,99.06
1,1,2026-01-24,78.02
1,1,2026-01-25,73.75
1,1,2026-01-26,95.42
1,1,2026-01-27,109.83
1,1,2026-01-28,98.44
1,1,2026-01-29,108.85
1,1,2026-01-30,98.3
1,1,2026-01-31,80.89
1,1,2026-02-01,65.41
1,1,2026-02-02,96.19
1,1,2026-02-03,107.87
1,1,2026-02-04,100.99
1,1,2026-02-05,106.68
1,1,2026-02-06,102.22
1,1,2026-02-07,85.09
1,1,2026-02-08,74.35
1,1,2026-02-09,97.97
1,1,2026-02-10,112.59
1,1,2026-02-11,98.95
1,1,2026-02-12,109.38
1,1,2026-02-13,101.9
1,1,2026-02-14,80.54
1,1,2026-02-15,68.25
1,1,2026-02-16,103.0
1,1,2026-02-17,111.75
1,1,2026-02-18,100.4
1,1,2026-02-19,108.02
1,1,2026-02-20,106.16
1,1,2026-02-21,85.08
1,1,2026-02-22,71.2
1,1,2026-02-23,98.97
1,1,2026-02-24,109.97
1,1,2026-02-25,99.32
1,1,2026-02-26,109.74
1,1,2026-02-27,99.64
1,1,2026-02-28,80.38
1,1,2026-03-01,68.99
1,1,2026-03-02,99.01
1,1,2026-03-03,107.28
1,1,2026-03-04,107.59
1,1,2026-03-05,109.94
1,1,2026-03-06,101.95
1,1,2026-03-07,88.01
1,1,2026-03-08,79.11
1,1,2026-03-09,94.6
1,1,2026-03-10,103.17
1,1,2026-03-11,106.29
1,1,2026-03-12,107.81
1,1,2026-03-13,107.08
1,1,2026-03-14,80.79
1,1,2026-03-15,65.97
1,1,2026-03-16,94.57
1,1,2026-03-17,101.76
1,1,2026-03-18,107.86
1,1,2026-03-19,105.57
1,1,2026-03-20,102.52
1,1,2026-03-21,86.81
1,1,2026-03-22,66.72
1,1,2026-03-23,97.16
1,1,2026-03-24,106.34
1,1,2026-03-25,114.77
1,1,2026-03-26,100.9
1,1,2026-03-27,109.06
1,1,2026-03-28,79.76
1,1,2026-03-29,68.17
1,1,2026-03-30,103.23
1,1,2026-03-31,105.7
1,2,2026-01-01,81.21
1,2,2026-01-02,70.68
1,2,2026-01-03,69.75
1,2,2026-01-04,55.72
1,2,2026-01-05,80.53
1,2,2026-01-06,68.71
1,2,2026-01-07,68.66
1,2,2026-01-08,82.53
1,2,2026-01-09,85.67
1,2,2026-01-10,67.04
1,2,2026-01-11,56.01
1,2,2026-01-12,68.47
1,2,2026-01-13,78.83
1,2,2026-01-14,78.68
1,2,2026-01-15,72.44
1,2,2026-01-16,74.72
1,2,2026-01-17,59.98
1,2,2026-01-18,49.07
1,2,2026-01-19,70.35
1,2,2026-01-20,71.05
1,2,2026-01-21,74.13
1,2,2026-01-22,73.6
1,2,2026-01-23,77.93
1,2,2026-01-24,61.03
1,2,2026-01-25,49.85
1,2,2026-01-26,69.83
1,2,2026-01-27,77.17
1,2,2026-01-28,74.77
1,2,2026-01-29,72.66
1,2,2026-01-30,75.79
1,2,2026-01-31,56.54
1,2,2026-02-01,46.63
1,2,2026-02-02,70.4
1,2,2026-02-03,73.97
1,2,2026-02-04,72.17
1,2,2026-02-05,74.4
1,2,2026-02-06,77.76
1,2,2026-02-07,59.99
1,2,2026-02-08,47.37
1,2,2026-02-09,73.33
1,2,2026-02-10,74.19
1,2,2026-02-11,73.49
1,2,2026-02-12,75.96
1,2,2026-02-13,78.88
1,2,2026-02-14,60.08
1,2,2026-02-15,51.78
1,2,2026-02-16,72.54
1,2,2026-02-17,74.06
1,2,2026-02-18,72.58
1,2,2026-02-19,79.04
1,2,2026-02-20,84.11
1,2,2026-02-21,62.58
1,2,2026-02-22,52.25
1,2,2026-02-23,72.51
1,2,2026-02-24,73.58
1,2,2026-02-25,73.46
1,2,2026-02-26,78.02
1,2,2026-02-27,83.19
1,2,2026-02-28,63.45
1,2,2026-03-01,51.63
1,2,2026-03-02,71.25
1,2,2026-03-03,73.8
1,2,2026-03-04,72.76
1,2,2026-03-05,78.79
1,2,2026-03-06,83.87
1,2,2026-03-07,66.27
1,2,2026-03-08,52.62
1,2,2026-03-09,68.1
1,2,2026-03-10,74.47
1,2,2026-03-11,72.7
1,2,2026-03-12,78.35
1,2,2026-03-13,82.44
1,2,2026-03-14,64.01
1,2,2026-03-15,48.47
1,2,2026-03-16,69.47
1,2,2026-03-17,74.18
1,2,2026-03-18,71.13
1,2,2026-03-19,79.52
1,2,2026-03-20,84.81
1,2,2026-03-21,62.73
1,2,2026-03-22,46.91
1,2,2026-03-23,69.52
1,2,2026-03-24,72.42
1,2,2026-03-25,71.25
1,2,2026-03-26,78.31
1,2,2026-03-27,81.68
1,2,2026-03-28,63.2
1,2,2026-03-29,49.96
1,2,2026-03-30,71.74
1,2,2026-03-31,72.81
1,3,2026-01-01,63.92
1,3,2026-01-02,63.0
1,3,2026-01-03,47.32
1,3,2026-01-04,39.23
1,3,2026-01-05,58.71
1,3,2026-01-06,57.02
1,3,2026-01-07,62.25
1,3,2026-01-08,64.63
1,3,2026-01-09,64.94
1,3,2026-01-10,47.58
1,3,2026-01-11,35.73
1,3,2026-01-12,57.54
1,3,2026-01-13,61.12
1,3,2026-01-14,57.22
1,3,2026-01-15,63.26
1,3,2026-01-16,66.18
1,3,2026-01-17,52.59
1,3,2026-01-18,39.22
1,3,2026-01-19,53.81
1,3,2026-01-20,55.58
1,3,2026-01-21,60.33
1,3,2026-01-22,62.85
1,3,2026-01-23,62.26
1,3,2026-01-24,53.74
1,3,2026-01-25,38.6
1,3,2026-01-26,55.86
1,3,2026-01-27,58.72
1,3,2026-01-28,59.02
1,3,2026-01-29,61.37
1,3,2026-01-30,62.6
1,3,2026-01-31,48.9
1,3,2026-02-01,40.68
1,3,2026-02-02,61.92
1,3,2026-02-03,58.48
1,3,2026-02-04,60.7
1,3,2026-02-05,63.94
1,3,2026-02-06,63.97
1,3,2026-02-07,51.56
1,3,2026-02-08,39.98
1,3,2026-02-09,55.41
1,3,2026-02-10,57.41
1,3,2026-02-11,60.25
1,3,2026-02-12,64.85
1,3,2026-02-13,68.04
1,3,2026-02-14,51.89
1,3,2026-02-15,41.96
1,3,2026-02-16,55.31
1,3,2026-02-17,56.85
1,3,2026-02-18,57.41
1,3,2026-02-19,61.51
1,3,2026-02-20,63.9
1,3,2026-02-21,51.89
1,3,2026-02-22,39.64
1,3,2026-02-23,59.35
1,3,2026-02-24,61.85
1,3,2026-02-25,59.35
1,3,2026-02-26,62.51
1,3,2026-02-27,62.37
1,3,2026-02-28,51.19
1,3,2026-03-01,42.16
1,3,2026-03-02,60.08
1,3,2026-03-03,60.04
1,3,2026-03-04,63.94
1,3,2026-03-05,64.82
1,3,2026-03-06,67.18
1,3,2026-03-07,52.28
1,3,2026-03-08,43.59
1,3,2026-03-09,56.36
1,3,2026-03-10,57.11
1,3,2026-03-11,61.12
1,3,2026-03-12,63.1
1,3,2026-03-13,64.42
1,3,2026-03-14,53.17
1,3,2026-03-15,42.67
1,3,2026-03-16,58.77
1,3,2026-03-17,58.85
1,3,2026-03-18,60.27
1,3,2026-03-19,62.44
1,3,2026-03-20,62.77
1,3,2026-03-21,50.04
1,3,2026-03-22,41.13
1,3,2026-03-23,58.29
1,3,2026-03-24,59.02
1,3,2026-03-25,61.43
1,3,2026-03-26,60.78
1,3,2026-03-27,65.98
1,3,2026-03-28,49.82
1,3,2026-03-29,41.46
1,3,2026-03-30,57.51
1,3,2026-03-31,58.36
2,1,2026-01-01,144.73
2,1,2026-01-02,121.64
2,1,2026-01-03,111.29
2,1,2026-01-04,84.42
2,1,2026-01-05,138.9
2,1,2026-01-06,107.96
2,1,2026-01-07,130.7
2,1,2026-01-08,123.07
2,1,2026-01-09,106.01
2,1,2026-01-10,82.96
2,1,2026-01-11,85.12
2,1,2026-01-12,122.02
2,1,2026-01-13,107.84
2,1,2026-01-14,107.7
2,1,2026-01-15,109.72
2,1,2026-01-16,117.94
2,1,2026-01-17,94.71
2,1,2026-01-18,73.32
2,1,2026-01-19,109.49
2,1,2026-01-20,114.17
2,1,2026-01-21,109.97
2,1,2026-01-22,116.62
2,1,2026-01-23,109.32
2,1,2026-01-24,77.11
2,1,2026-01-25,76.09
2,1,2026-01-26,104.96
2,1,2026-01-27,124.93
2,1,2026-01-28,115.27
2,1,2026-01-29,114.25
2,1,2026-01-30,117.58
2,1,2026-01-31,94.02
2,1,2026-02-01,78.79
2,1,2026-02-02,108.01
2,1,2026-02-03,106.34
2,1,2026-02-04,120.09
2,1,2026-02-05,118.02
2,1,2026-02-06,118.65
2,1,2026-02-07,89.61
2,1,2026-02-08,78.82
2,1,2026-02-09,107.32
2,1,2026-02-10,111.74
2,1,2026-02-11,111.53
2,1,2026-02-12,118.73
2,1,2026-02-13,127.6
2,1,2026-02-14,96.19
2,1,2026-02-15,77.15
2,1,2026-02-16,104.23
2,1,2026-02-17,114.22
2,1,2026-02-18,117.13
2,1,2026-02-19,121.07
2,1,2026-02-20,114.88
2,1,2026-02-21,91.97
2,1,2026-02-22,79.1
2,1,2026-02-23,105.62
2,1,2026-02-24,116.02
2,1,2026-02-25,118.68
2,1,2026-02-26,114.72
2,1,2026-02-27,131.49
2,1,2026-02-28,99.95
2,1,2026-03-01,84.15
2,1,2026-03-02,111.86
2,1,2026-03-03,113.45
2,1,2026-03-04,114.95
2,1,2026-03-05,133.41
2,1,2026-03-06,118.34
2,1,2026-03-07,106.33
2,1,2026-03-08,89.74
2,1,2026-03-09,102.37
2,1,2026-03-10,117.88
2,1,2026-03-11,121.46
2,1,2026-03-12,114.94
2,1,2026-03-13,121.86
2,1,2026-03-14,107.24
2,1,2026-03-15,82.73
2,1,2026-03-16,109.0
2,1,2026-03-17,115.05
2,1,2026-03-18,116.45
2,1,2026-03-19,116.06
2,1,2026-03-20,119.34
2,1,2026-03-21,101.52
2,1,2026-03-22,82.16
2,1,2026-03-23,110.68
2,1,2026-03-24,114.93
2,1,2026-03-25,113.93
2,1,2026-03-26,118.36
2,1,2026-03-27,123.25
2,1,2026-03-28,105.86
2,1,2026-03-29,81.78
2,1,2026-03-30,112.82
2,1,2026-03-31,121.88
2,2,2026-01-01,83.31
2,2,2026-01-02,84.27
2,2,2026-01-03,77.57
2,2,2026-01-04,60.88
2,2,2026-01-05,82.03
2,2,2026-01-06,69.66
2,2,2026-01-07,85.34
2,2,2026-01-08,88.05
2,2,2026-01-09,91.21
2,2,2026-01-10,77.79
2,2,2026-01-11,59.99
2,2,2026-01-12,75.31
2,2,2026-01-13,81.51
2,2,2026-01-14,76.48
2,2,2026-01-15,80.54
2,2,2026-01-16,79.13
2,2,2026-01-17,69.16
2,2,2026-01-18,53.13
2,2,2026-01-19,73.1
2,2,2026-01-20,89.03
2,2,2026-01-21,83.76
2,2,2026-01-22,85.49
2,2,2026-01-23,89.07
2,2,2026-01-24,70.61
2,2,2026-01-25,52.89
2,2,2026-01-26,76.15
2,2,2026-01-27,81.04
2,2,2026-01-28,76.39
2,2,2026-01-29,77.15
2,2,2026-01-30,80.3
2,2,2026-01-31,68.37
2,2,2026-02-01,52.39
2,2,2026-02-02,74.88
2,2,2026-02-03,80.01
2,2,2026-02-04,77.17
2,2,2026-02-05,81.62
2,2,2026-02-06,87.12
2,2,2026-02-07,70.48
2,2,2026-02-08,49.63
2,2,2026-02-09,77.92
2,2,2026-02-10,74.24
2,2,2026-02-11,76.1
2,2,2026-02-12,82.15
2,2,2026-02-13,86.48
2,2,2026-02-14,72.12
2,2,2026-02-15,49.86
2,2,2026-02-16,79.16
2,2,2026-02-17,71.66
2,2,2026-02-18,78.55
2,2,2026-02-19,79.02
2,2,2026-02-20,84.91
2,2,2026-02-21,70.2
2,2,2026-02-22,52.77
2,2,2026-02-23,74.71
2,2,2026-02-24,77.27
2,2,2026-02-25,79.12
2,2,2026-02-26,80.37
2,2,2026-02-27,84.08
2,2,2026-02-28,69.26
2,2,2026-03-01,53.38
2,2,2026-03-02,77.75
2,2,2026-03-03,77.11
2,2,2026-03-04,78.28
2,2,2026-03-05,82.13
2,2,2026-03-06,90.35
2,2,2026-03-07,71.88
2,2,2026-03-08,54.2
2,2,2026-03-09,74.67
2,2,2026-03-10,75.77
2,2,2026-03-11,77.08
2,2,2026-03-12,77.25
2,2,2026-03-13,82.5
2,2,2026-03-14,66.28
2,2,2026-03-15,52.97
2,2,2026-03-16,72.8
2,2,2026-03-17,77.93
2,2,2026-03-18,77.51
2,2,2026-03-19,77.41
2,2,2026-03-20,83.13
2,2,2026-03-21,67.31
2,2,2026-03-22,50.59
2,2,2026-03-23,73.93
2,2,2026-03-24,73.52
2,2,2026-03-25,72.78
2,2,2026-03-26,76.31
2,2,2026-03-27,79.18
2,2,2026-03-28,59.75
2,2,2026-03-29,48.79
2,2,2026-03-30,73.19
2,2,2026-03-31,77.33
2,3,2026-01-01,69.18
2,3,2026-01-02,73.62
2,3,2026-01-03,64.85
2,3,2026-01-04,54.55
2,3,2026-01-05,63.47
2,3,2026-01-06,66.0
2,3,2026-01-07,67.77
2,3,2026-01-08,67.21
2,3,2026-01-09,64.95
2,3,2026-01-10,52.07
2,3,2026-01-11,44.4
2,3,2026-01-12,59.03
2,3,2026-01-13,61.65
2,3,2026-01-14,62.21
2,3,2026-01-15,68.96
2,3,2026-01-16,60.54
2,3,2026-01-17,54.94
2,3,2026-01-18,40.96
2,3,2026-01-19,56.48
2,3,2026-01-20,61.34
2,3,2026-01-21,63.81
2,3,2026-01-22,64.87
2,3,2026-01-23,70.34
2,3,2026-01-24,55.35
2,3,2026-01-25,42.25
2,3,2026-01-26,59.86
2,3,2026-01-27,64.95
2,3,2026-01-28,65.33
2,3,2026-01-29,65.25
2,3,2026-01-30,66.91
2,3,2026-01-31,55.58
2,3,2026-02-01,44.76
2,3,2026-02-02,62.81
2,3,2026-02-03,62.32
2,3,2026-02-04,67.13
2,3,2026-02-05,69.89
2,3,2026-02-06,71.17
2,3,2026-02-07,55.09
2,3,2026-02-08,43.9
2,3,2026-02-09,60.22
2,3,2026-02-10,63.57
2,3,2026-02-11,66.11
2,3,2026-02-12,68.49
2,3,2026-02-13,67.35
2,3,2026-02-14,57.4
2,3,2026-02-15,43.22
2,3,2026-02-16,63.9
2,3,2026-02-17,62.89
2,3,2026-02-18,69.91
2,3,2026-02-19,68.22
2,3,2026-02-20,70.87
2,3,2026-02-21,57.6
2,3,2026-02-22,45.43
2,3,2026-02-23,65.74
2,3,2026-02-24,66.87
2,3,2026-02-25,70.61
2,3,2026-02-26,71.28
2,3,2026-02-27,74.53
2,3,2026-02-28,51.62
2,3,2026-03-01,48.04
2,3,2026-03-02,68.27
2,3,2026-03-03,65.63
2,3,2026-03-04,71.0
2,3,2026-03-05,69.65
2,3,2026-03-06,75.56
2,3,2026-03-07,53.63
2,3,2026-03-08,49.69
2,3,2026-03-09,67.3
2,3,2026-03-10,66.76
2,3,2026-03-11,69.36
2,3,2026-03-12,67.99
2,3,2026-03-13,74.78
2,3,2026-03-14,52.49
2,3,2026-03-15,47.91
2,3,2026-03-16,67.98
2,3,2026-03-17,67.17
2,3,2026-03-18,68.98
2,3,2026-03-19,70.01
2,3,2026-03-20,73.86
2,3,2026-03-21,53.75
2,3,2026-03-22,49.19
2,3,2026-03-23,66.14
2,3,2026-03-24,67.58
2,3,2026-03-25,68.1
2,3,2026-03-26,71.5
2,3,2026-03-27,72.59
2,3,2026-03-28,53.31
2,3,2026-03-29,48.2
2,3,2026-03-30,67.08
2,3,2026-03-31,66.2
3,1,2026-01-01,69.77
3,1,2026-01-02,67.35
3,1,2026-01-03,63.24
3,1,2026-01-04,53.77
3,1,2026-01-05,65.65
3,1,2026-01-06,67.57
3,1,2026-01-07,61.55
3,1,2026-01-08,71.9
3,1,2026-01-09,71.01
3,1,2026-01-10,50.39
3,1,2026-01-11,42.08
3,1,2026-01-12,55.27
3,1,2026-01-13,59.51
3,1,2026-01-14,62.46
3,1,2026-01-15,68.06
3,1,2026-01-16,63.75
3,1,2026-01-17,53.45
3,1,2026-01-18,40.94
3,1,2026-01-19,57.71
3,1,2026-01-20,63.87
3,1,2026-01-21,63.9
3,1,2026-01-22,64.25
3,1,2026-01-23,67.47
3,1,2026-01-24,53.77
3,1,2026-01-25,45.46
3,1,2026-01-26,59.38
3,1,2026-01-27,60.28
3,1,2026-01-28,64.63
3,1,2026-01-29,65.12
3,1,2026-01-30,65.78
3,1,2026-01-31,54.94
3,1,2026-02-01,44.67
3,1,2026-02-02,63.47
3,1,2026-02-03,64.55
3,1,2026-02-04,66.28
3,1,2026-02-05,69.67
3,1,2026-02-06,71.67
3,1,2026-02-07,52.93
3,1,2026-02-08,41.3
3,1,2026-02-09,59.72
3,1,2026-02-10,63.53
3,1,2026-02-11,68.17
3,1,2026-02-12,68.09
3,1,2026-02-13,70.51
3,1,2026-02-14,53.76
3,1,2026-02-15,44.48
3,1,2026-02-16,65.03
3,1,2026-02-17,65.36
3,1,2026-02-18,70.06
3,1,2026-02-19,69.99
3,1,2026-02-20,73.57
3,1,2026-02-21,51.03
3,1,2026-02-22,44.25
3,1,2026-02-23,64.17
3,1,2026-02-24,68.25
3,1,2026-02-25,69.28
3,1,2026-02-26,70.65
3,1,2026-02-27,76.21
3,1,2026-02-28,52.86
3,1,2026-03-01,46.35
3,1,2026-03-02,65.76
3,1,2026-03-03,70.38
3,1,2026-03-04,69.19
3,1,2026-03-05,70.65
3,1,2026-03-06,71.56
3,1,2026-03-07,53.44
3,1,2026-03-08,48.65
3,1,2026-03-09,65.8
3,1,2026-03-10,68.17
3,1,2026-03-11,68.92
3,1,2026-03-12,69.46
3,1,2026-03-13,70.29
3,1,2026-03-14,56.24
3,1,2026-03-15,48.32
3,1,2026-03-16,63.98
3,1,2026-03-17,68.01
3,1,2026-03-18,68.5
3,1,2026-03-19,69.1
3,1,2026-03-20,72.16
3,1,2026-03-21,54.68
3,1,2026-03-22,46.43
3,1,2026-03-23,61.85
3,1,2026-03-24,70.17
3,1,2026-03-25,69.35
3,1,2026-03-26,66.8
3,1,2026-03-27,75.89
3,1,2026-03-28,55.82
3,1,2026-03-29,48.84
3,1,2026-03-30,63.03
3,1,2026-03-31,67.95
3,2,2026-01-01,57.45
3,2,2026-01-02,50.98
3,2,2026-01-03,42.62
3,2,2026-01-04,34.43
3,2,2026-01-05,55.5
3,2,2026-01-06,58.12
3,2,2026-01-07,62.31
3,2,2026-01-08,61.76
3,2,2026-01-09,57.09
3,2,2026-01-10,44.76
3,2,2026-01-11,32.71
3,2,2026-01-12,54.29
3,2,2026-01-13,58.47
3,2,2026-01-14,57.06
3,2,2026-01-15,55.74
3,2,2026-01-16,57.54
3,2,2026-01-17,47.79
3,2,2026-01-18,34.32
3,2,2026-01-19,52.62
3,2,2026-01-20,54.51
3,2,2026-01-21,54.2
3,2,2026-01-22,53.13
3,2,2026-01-23,57.5
3,2,2026-01-24,45.32
3,2,2026-01-25,34.5
3,2,2026-01-26,48.11
3,2,2026-01-27,50.96
3,2,2026-01-28,52.69
3,2,2026-01-29,52.46
3,2,2026-01-30,53.68
3,2,2026-01-31,43.88
3,2,2026-02-01,35.86
3,2,2026-02-02,51.45
3,2,2026-02-03,51.95
3,2,2026-02-04,53.37
3,2,2026-02-05,55.35
3,2,2026-02-06,56.69
3,2,2026-02-07,45.94
3,2,2026-02-08,36.08
3,2,2026-02-09,51.1
3,2,2026-02-10,53.93
3,2,2026-02-11,53.14
3,2,2026-02-12,55.0
3,2,2026-02-13,56.24
3,2,2026-02-14,46.43
3,2,2026-02-15,35.82
3,2,2026-02-16,50.04
3,2,2026-02-17,52.15
3,2,2026-02-18,53.79
3,2,2026-02-19,55.76
3,2,2026-02-20,56.02
3,2,2026-02-21,46.66
3,2,2026-02-22,36.91
3,2,2026-02-23,49.4
3,2,2026-02-24,51.83
3,2,2026-02-25,53.11
3,2,2026-02-26,55.47
3,2,2026-02-27,56.19
3,2,2026-02-28,47.43
3,2,2026-03-01,37.53
3,2,2026-03-02,52.69
3,2,2026-03-03,53.6
3,2,2026-03-04,54.5
3,2,2026-03-05,56.98
3,2,2026-03-06,56.94
3,2,2026-03-07,47.28
3,2,2026-03-08,38.77
3,2,2026-03-09,51.12
3,2,2026-03-10,51.34
3,2,2026-03-11,53.79
3,2,2026-03-12,55.49
3,2,2026-03-13,56.98
3,2,2026-03-14,45.65
3,2,2026-03-15,36.47
3,2,2026-03-16,49.16
3,2,2026-03-17,50.53
3,2,2026-03-18,52.5
3,2,2026-03-19,54.02
3,2,2026-03-20,55.96
3,2,2026-03-21,45.26
3,2,2026-03-22,35.16
3,2,2026-03-23,48.41
3,2,2026-03-24,50.84
3,2,2026-03-25,52.47
3,2,2026-03-26,53.66
3,2,2026-03-27,55.64
3,2,2026-03-28,44.97
3,2,2026-03-29,35.87
3,2,2026-03-30,50.6
3,2,2026-03-31,51.97
3,3,2026-01-01,43.06
3,3,2026-01-02,42.38
3,3,2026-01-03,32.4
3,3,2026-01-04,27.18
3,3,2026-01-05,38.48
3,3,2026-01-06,40.68
3,3,2026-01-07,43.44
3,3,2026-01-08,42.3
3,3,2026-01-09,44.0
3,3,2026-01-10,33.06
3,3,2026-01-11,26.8
3,3,2026-01-12,35.67
3,3,2026-01-13,38.26
3,3,2026-01-14,36.43
3,3,2026-01-15,37.61
3,3,2026-01-16,42.01
3,3,2026-01-17,29.56
3,3,2026-01-18,24.81
3,3,2026-01-19,34.17
3,3,2026-01-20,36.35
3,3,2026-01-21,36.65
3,3,2026-01-22,38.22
3,3,2026-01-23,40.04
3,3,2026-01-24,32.08
3,3,2026-01-25,26.33
3,3,2026-01-26,36.61
3,3,2026-01-27,36.62
3,3,2026-01-28,38.07
3,3,2026-01-29,38.63
3,3,2026-01-30,39.96
3,3,2026-01-31,30.69
3,3,2026-02-01,24.19
3,3,2026-02-02,36.76
3,3,2026-02-03,38.15
3,3,2026-02-04,37.62
3,3,2026-02-05,39.09
3,3,2026-02-06,39.63
3,3,2026-02-07,32.14
3,3,2026-02-08,25.42
3,3,2026-02-09,36.68
3,3,2026-02-10,37.93
3,3,2026-02-11,38.09
3,3,2026-02-12,39.3
3,3,2026-02-13,41.14
3,3,2026-02-14,30.65
3,3,2026-02-15,25.52
3,3,2026-02-16,36.67
3,3,2026-02-17,37.23
3,3,2026-02-18,37.66
3,3,2026-02-19,39.24
3,3,2026-02-20,40.79
3,3,2026-02-21,31.58
3,3,2026-02-22,25.66
3,3,2026-02-23,36.95
3,3,2026-02-24,37.29
3,3,2026-02-25,37.28
3,3,2026-02-26,39.23
3,3,2026-02-27,39.98
3,3,2026-02-28,30.67
3,3,2026-03-01,27.55
3,3,2026-03-02,37.89
3,3,2026-03-03,37.93
3,3,2026-03-04,38.43
3,3,2026-03-05,40.12
3,3,2026-03-06,41.05
3,3,2026-03-07,31.9
3,3,2026-03-08,27.81
3,3,2026-03-09,37.91
3,3,2026-03-10,37.43
3,3,2026-03-11,37.85
3,3,2026-03-12,39.45
3,3,2026-03-13,40.76
3,3,2026-03-14,31.78
3,3,2026-03-15,27.05
3,3,2026-03-16,37.01
3,3,2026-03-17,36.85
3,3,2026-03-18,37.12
3,3,2026-03-19,38.87
3,3,2026-03-20,39.22
3,3,2026-03-21,30.78
3,3,2026-03-22,26.22
3,3,2026-03-23,36.53
3,3,2026-03-24,37.06
3,3,2026-03-25,37.49
3,3,2026-03-26,39.04
3,3,2026-03-27,38.99
3,3,2026-03-28,30.97
3,3,2026-03-29,25.17
3,3,2026-03-30,36.58
3,3,2026-03-31,37.73
4,1,2026-01-01,55.99
4,1,2026-01-02,52.34
4,1,2026-01-03,41.49
4,1,2026-01-04,32.7
4,1,2026-01-05,48.3
4,1,2026-01-06,46.67
4,1,2026-01-07,45.72
4,1,2026-01-08,43.87
4,1,2026-01-09,49.41
4,1,2026-01-10,38.16
4,1,2026-01-11,31.85
4,1,2026-01-12,44.83
4,1,2026-01-13,44.05
4,1,2026-01-14,47.03
4,1,2026-01-15,49.24
4,1,2026-01-16,49.93
4,1,2026-01-17,37.4
4,1,2026-01-18,31.24
4,1,2026-01-19,44.31
4,1,2026-01-20,47.3
4,1,2026-01-21,47.21
4,1,2026-01-22,48.83
4,1,2026-01-23,48.63
4,1,2026-01-24,39.34
4,1,2026-01-25,31.98
4,1,2026-01-26,44.9
4,1,2026-01-27,48.84
4,1,2026-01-28,46.6
4,1,2026-01-29,48.66
4,1,2026-01-30,49.41
4,1,2026-01-31,39.7
4,1,2026-02-01,32.15
4,1,2026-02-02,44.82
4,1,2026-02-03,47.54
4,1,2026-02-04,46.75
4,1,2026-02-05,48.62
4,1,2026-02-06,50.16
4,1,2026-02-07,39.79
4,1,2026-02-08,33.69
4,1,2026-02-09,44.96
4,1,2026-02-10,47.19
4,1,2026-02-11,47.44
4,1,2026-02-12,49.13
4,1,2026-02-13,50.08
4,1,2026-02-14,39.37
4,1,2026-02-15,33.95
4,1,2026-02-16,44.95
4,1,2026-02-17,47.72
4,1,2026-02-18,47.68
4,1,2026-02-19,47.97
4,1,2026-02-20,50.25
4,1,2026-02-21,39.14
4,1,2026-02-22,34.6
4,1,2026-02-23,44.25
4,1,2026-02-24,47.75
4,1,2026-02-25,47.83
4,1,2026-02-26,49.53
4,1,2026-02-27,50.0
4,1,2026-02-28,39.2
4,1,2026-03-01,34.7
4,1,2026-03-02,45.16
4,1,2026-03-03,47.79
4,1,2026-03-04,48.39
4,1,2026-03-05,48.36
4,1,2026-03-06,50.64
4,1,2026-03-07,39.9
4,1,2026-03-08,33.87
4,1,2026-03-09,44.16
4,1,2026-03-10,47.45
4,1,2026-03-11,47.45
4,1,2026-03-12,49.26
4,1,2026-03-13,50.32
4,1,2026-03-14,39.3
4,1,2026-03-15,33.51
4,1,2026-03-16,43.49
4,1,2026-03-17,46.76
4,1,2026-03-18,46.88
4,1,2026-03-19,47.2
4,1,2026-03-20,50.07
4,1,2026-03-21,38.64
4,1,2026-03-22,32.29
4,1,2026-03-23,43.9
4,1,2026-03-24,46.56
4,1,2026-03-25,46.68
4,1,2026-03-26,48.43
4,1,2026-03-27,49.39
4,1,2026-03-28,38.2
4,1,2026-03-29,32.04
4,1,2026-03-30,43.91
4,1,2026-03-31,46.39
4,2,2026-01-01,38.26
4,2,2026-01-02,39.79
4,2,2026-01-03,29.6
4,2,2026-01-04,25.89
4,2,2026-01-05,34.61
4,2,2026-01-06,37.25
4,2,2026-01-07,38.85
4,2,2026-01-08,38.23
4,2,2026-01-09,39.59
4,2,2026-01-10,29.32
4,2,2026-01-11,24.77
4,2,2026-01-12,30.98
4,2,2026-01-13,34.96
4,2,2026-01-14,35.9
4,2,2026-01-15,35.2
4,2,2026-01-16,34.68
4,2,2026-01-17,28.52
4,2,2026-01-18,23.59
4,2,2026-01-19,32.38
4,2,2026-01-20,33.43
4,2,2026-01-21,34.82
4,2,2026-01-22,35.28
4,2,2026-01-23,38.5
4,2,2026-01-24,31.07
4,2,2026-01-25,24.25
4,2,2026-01-26,32.75
4,2,2026-01-27,34.04
4,2,2026-01-28,34.99
4,2,2026-01-29,35.13
4,2,2026-01-30,36.35
4,2,2026-01-31,29.01
4,2,2026-02-01,24.39
4,2,2026-02-02,34.0
4,2,2026-02-03,34.67
4,2,2026-02-04,34.64
4,2,2026-02-05,35.23
4,2,2026-02-06,36.77
4,2,2026-02-07,29.16
4,2,2026-02-08,24.07
4,2,2026-02-09,33.9
4,2,2026-02-10,34.44
4,2,2026-02-11,35.18
4,2,2026-02-12,35.89
4,2,2026-02-13,37.3
4,2,2026-02-14,30.55
4,2,2026-02-15,24.68
4,2,2026-02-16,34.73
4,2,2026-02-17,35.11
4,2,2026-02-18,35.88
4,2,2026-02-19,36.53
4,2,2026-02-20,38.38
4,2,2026-02-21,31.38
4,2,2026-02-22,24.33
4,2,2026-02-23,33.89
4,2,2026-02-24,35.06
4,2,2026-02-25,35.79
4,2,2026-02-26,36.71
4,2,2026-02-27,38.28
4,2,2026-02-28,30.33
4,2,2026-03-01,25.18
4,2,2026-03-02,34.04
4,2,2026-03-03,34.93
4,2,2026-03-04,35.31
4,2,2026-03-05,37.01
4,2,2026-03-06,38.14
4,2,2026-03-07,31.3
4,2,2026-03-08,25.0
4,2,2026-03-09,34.1
4,2,2026-03-10,35.13
4,2,2026-03-11,35.74
4,2,2026-03-12,36.62
4,2,2026-03-13,37.75
4,2,2026-03-14,29.76
4,2,2026-03-15,24.62
4,2,2026-03-16,33.87
4,2,2026-03-17,34.3
4,2,2026-03-18,35.11
4,2,2026-03-19,36.16
4,2,2026-03-20,36.79
4,2,2026-03-21,28.69
4,2,2026-03-22,24.35
4,2,2026-03-23,33.7
4,2,2026-03-24,34.38
4,2,2026-03-25,34.87
4,2,2026-03-26,35.66
4,2,2026-03-27,37.0
4,2,2026-03-28,29.82
4,2,2026-03-29,23.98
4,2,2026-03-30,34.25
4,2,2026-03-31,34.28
4,3,2026-01-01,29.04
4,3,2026-01-02,30.16
4,3,2026-01-03,21.88
4,3,2026-01-04,21.24
4,3,2026-01-05,28.62
4,3,2026-01-06,30.82
4,3,2026-01-07,27.78
4,3,2026-01-08,28.32
4,3,2026-01-09,30.16
4,3,2026-01-10,22.28
4,3,2026-01-11,21.62
4,3,2026-01-12,25.69
4,3,2026-01-13,27.61
4,3,2026-01-14,28.59
4,3,2026-01-15,28.91
4,3,2026-01-16,30.25
4,3,2026-01-17,20.98
4,3,2026-01-18,18.81
4,3,2026-01-19,24.93
4,3,2026-01-20,25.88
4,3,2026-01-21,27.15
4,3,2026-01-22,28.13
4,3,2026-01-23,30.3
4,3,2026-01-24,21.55
4,3,2026-01-25,19.23
4,3,2026-01-26,25.11
4,3,2026-01-27,27.16
4,3,2026-01-28,27.09
4,3,2026-01-29,27.6
4,3,2026-01-30,30.1
4,3,2026-01-31,22.92
4,3,2026-02-01,19.55
4,3,2026-02-02,26.36
4,3,2026-02-03,26.76
4,3,2026-02-04,26.9
4,3,2026-02-05,27.47
4,3,2026-02-06,29.78
4,3,2026-02-07,22.24
4,3,2026-02-08,19.07
4,3,2026-02-09,26.18
4,3,2026-02-10,26.73
4,3,2026-02-11,27.3
4,3,2026-02-12,28.2
4,3,2026-02-13,30.12
4,3,2026-02-14,22.66
4,3,2026-02-15,18.84
4,3,2026-02-16,26.79
4,3,2026-02-17,26.53
4,3,2026-02-18,26.73
4,3,2026-02-19,28.34
4,3,2026-02-20,29.79
4,3,2026-02-21,22.59
4,3,2026-02-22,18.82
4,3,2026-02-23,26.61
4,3,2026-02-24,26.66
4,3,2026-02-25,27.1
4,3,2026-02-26,27.5
4,3,2026-02-27,29.66
4,3,2026-02-28,22.71
4,3,2026-03-01,19.47
4,3,2026-03-02,26.34
4,3,2026-03-03,26.6
4,3,2026-03-04,26.65
4,3,2026-03-05,27.44
4,3,2026-03-06,29.29
4,3,2026-03-07,23.03
4,3,2026-03-08,19.55
4,3,2026-03-09,26.19
4,3,2026-03-10,26.49
4,3,2026-03-11,27.19
4,3,2026-03-12,28.34
4,3,2026-03-13,29.76
4,3,2026-03-14,22.68
4,3,2026-03-15,19.17
4,3,2026-03-16,26.08
4,3,2026-03-17,26.35
4,3,2026-03-18,26.53
4,3,2026-03-19,28.3
4,3,2026-03-20,29.53
4,3,2026-03-21,22.47
4,3,2026-03-22,19.05
4,3,2026-03-23,25.84
4,3,2026-03-24,25.89
4,3,2026-03-25,26.64
4,3,2026-03-26,27.6
4,3,2026-03-27,29.5
4,3,2026-03-28,22.54
4,3,2026-03-29,18.89
4,3,2026-03-30,26.29
4,3,2026-03-31,26.32
5,1,2026-01-01,43.05
5,1,2026-01-02,44.52
5,1,2026-01-03,34.31
5,1,2026-01-04,30.45
5,1,2026-01-05,41.07
5,1,2026-01-06,39.33
5,1,2026-01-07,40.61
5,1,2026-01-08,42.35
5,1,2026-01-09,44.78
5,1,2026-01-10,33.95
5,1,2026-01-11,27.17
5,1,2026-01-12,37.75
5,1,2026-01-13,38.68
5,1,2026-01-14,38.8
5,1,2026-01-15,39.19
5,1,2026-01-16,41.56
5,1,2026-01-17,32.61
5,1,2026-01-18,27.17
5,1,2026-01-19,37.63
5,1,2026-01-20,38.02
5,1,2026-01-21,38.24
5,1,2026-01-22,39.54
5,1,2026-01-23,43.23
5,1,2026-01-24,33.72
5,1,2026-01-25,27.64
5,1,2026-01-26,36.75
5,1,2026-01-27,39.24
5,1,2026-01-28,39.61
5,1,2026-01-29,40.35
5,1,2026-01-30,41.76
5,1,2026-01-31,33.1
5,1,2026-02-01,27.87
5,1,2026-02-02,37.32
5,1,2026-02-03,38.73
5,1,2026-02-04,39.89
5,1,2026-02-05,40.93
5,1,2026-02-06,42.34
5,1,2026-02-07,33.1
5,1,2026-02-08,26.97
5,1,2026-02-09,38.14
5,1,2026-02-10,39.48
5,1,2026-02-11,39.72
5,1,2026-02-12,40.85
5,1,2026-02-13,43.07
5,1,2026-02-14,33.17
5,1,2026-02-15,27.55
5,1,2026-02-16,38.68
5,1,2026-02-17,39.29
5,1,2026-02-18,39.74
5,1,2026-02-19,40.72
5,1,2026-02-20,42.29
5,1,2026-02-21,32.48
5,1,2026-02-22,26.63
5,1,2026-02-23,38.75
5,1,2026-02-24,39.18
5,1,2026-02-25,39.44
5,1,2026-02-26,40.98
5,1,2026-02-27,42.85
5,1,2026-02-28,32.66
5,1,2026-03-01,29.06
5,1,2026-03-02,39.79
5,1,2026-03-03,39.99
5,1,2026-03-04,40.16
5,1,2026-03-05,41.64
5,1,2026-03-06,43.16
5,1,2026-03-07,33.59
5,1,2026-03-08,28.56
5,1,2026-03-09,39.38
5,1,2026-03-10,40.46
5,1,2026-03-11,40.69
5,1,2026-03-12,41.38
5,1,2026-03-13,43.16
5,1,2026-03-14,34.17
5,1,2026-03-15,27.98
5,1,2026-03-16,39.34
5,1,2026-03-17,39.44
5,1,2026-03-18,39.15
5,1,2026-03-19,39.82
5,1,2026-03-20,41.4
5,1,2026-03-21,32.4
5,1,2026-03-22,26.79
5,1,2026-03-23,38.78
5,1,2026-03-24,38.29
5,1,2026-03-25,38.7
5,1,2026-03-26,40.74
5,1,2026-03-27,40.97
5,1,2026-03-28,32.35
5,1,2026-03-29,27.44
5,1,2026-03-30,38.33
5,1,2026-03-31,38.82
5,2,2026-01-01,30.6
5,2,2026-01-02,32.59
5,2,2026-01-03,25.7
5,2,2026-01-04,20.75
5,2,2026-01-05,30.1
5,2,2026-01-06,31.32
5,2,2026-01-07,31.36
5,2,2026-01-08,32.28
5,2,2026-01-09,34.58
5,2,2026-01-10,26.14
5,2,2026-01-11,22.24
5,2,2026-01-12,31.84
5,2,2026-01-13,32.62
5,2,2026-01-14,32.78
5,2,2026-01-15,32.94
5,2,2026-01-16,34.08
5,2,2026-01-17,26.29
5,2,2026-01-18,21.25
5,2,2026-01-19,31.54
5,2,2026-01-20,32.21
5,2,2026-01-21,32.78
5,2,2026-01-22,33.45
5,2,2026-01-23,34.65
5,2,2026-01-24,27.07
5,2,2026-01-25,21.86
5,2,2026-01-26,31.22
5,2,2026-01-27,31.57
5,2,2026-01-28,32.11
5,2,2026-01-29,32.04
5,2,2026-01-30,33.95
5,2,2026-01-31,26.17
5,2,2026-02-01,20.22
5,2,2026-02-02,29.78
5,2,2026-02-03,31.42
5,2,2026-02-04,31.95
5,2,2026-02-05,32.94
5,2,2026-02-06,35.05
5,2,2026-02-07,26.48
5,2,2026-02-08,20.61
5,2,2026-02-09,29.79
5,2,2026-02-10,31.04
5,2,2026-02-11,31.52
5,2,2026-02-12,32.57
5,2,2026-02-13,34.94
5,2,2026-02-14,26.08
5,2,2026-02-15,20.83
5,2,2026-02-16,30.23
5,2,2026-02-17,31.69
5,2,2026-02-18,32.08
5,2,2026-02-19,32.52
5,2,2026-02-20,33.82
5,2,2026-02-21,26.43
5,2,2026-02-22,20.77
5,2,2026-02-23,30.05
5,2,2026-02-24,31.51
5,2,2026-02-25,32.06
5,2,2026-02-26,32.47
5,2,2026-02-27,34.52
5,2,2026-02-28,25.85
5,2,2026-03-01,21.22
5,2,2026-03-02,30.16
5,2,2026-03-03,31.73
5,2,2026-03-04,31.61
5,2,2026-03-05,32.09
5,2,2026-03-06,34.61
5,2,2026-03-07,26.41
5,2,2026-03-08,21.01
5,2,2026-03-09,30.02
5,2,2026-03-10,31.68
5,2,2026-03-11,31.59
5,2,2026-03-12,32.34
5,2,2026-03-13,34.47
5,2,2026-03-14,26.02
5,2,2026-03-15,20.52
5,2,2026-03-16,30.2
5,2,2026-03-17,31.24
5,2,2026-03-18,31.35
5,2,2026-03-19,31.72
5,2,2026-03-20,33.85
5,2,2026-03-21,25.41
5,2,2026-03-22,19.82
5,2,2026-03-23,29.46
5,2,2026-03-24,30.28
5,2,2026-03-25,30.78
5,2,2026-03-26,31.47
5,2,2026-03-27,33.6
5,2,2026-03-28,24.96
5,2,2026-03-29,20.48
5,2,2026-03-30,29.68
5,2,2026-03-31,30.59
5,3,2026-01-01,25.18
5,3,2026-01-02,25.55
5,3,2026-01-03,18.09
5,3,2026-01-04,15.49
5,3,2026-01-05,21.35
5,3,2026-01-06,22.71
5,3,2026-01-07,23.8
5,3,2026-01-08,23.78
5,3,2026-01-09,25.27
5,3,2026-01-10,19.48
5,3,2026-01-11,15.67
5,3,2026-01-12,21.86
5,3,2026-01-13,22.6
5,3,2026-01-14,23.27
5,3,2026-01-15,23.2
5,3,2026-01-16,24.63
5,3,2026-01-17,19.88
5,3,2026-01-18,15.15
5,3,2026-01-19,22.72
5,3,2026-01-20,22.74
5,3,2026-01-21,22.72
5,3,2026-01-22,22.81
5,3,2026-01-23,23.56
5,3,2026-01-24,19.2
5,3,2026-01-25,15.17
5,3,2026-01-26,22.45
5,3,2026-01-27,22.99
5,3,2026-01-28,23.47
5,3,2026-01-29,23.47
5,3,2026-01-30,24.13
5,3,2026-01-31,18.79
5,3,2026-02-01,15.27
5,3,2026-02-02,21.69
5,3,2026-02-03,22.35
5,3,2026-02-04,22.88
5,3,2026-02-05,23.36
5,3,2026-02-06,24.19
5,3,2026-02-07,18.94
5,3,2026-02-08,15.38
5,3,2026-02-09,21.96
5,3,2026-02-10,22.53
5,3,2026-02-11,23.28
5,3,2026-02-12,23.67
5,3,2026-02-13,24.15
5,3,2026-02-14,19.62
5,3,2026-02-15,15.37
5,3,2026-02-16,22.17
5,3,2026-02-17,22.71
5,3,2026-02-18,22.79
5,3,2026-02-19,23.28
5,3,2026-02-20,24.12
5,3,2026-02-21,19.91
5,3,2026-02-22,15.37
5,3,2026-02-23,21.98
5,3,2026-02-24,22.55
5,3,2026-02-25,23.32
5,3,2026-02-26,23.65
5,3,2026-02-27,24.17
5,3,2026-02-28,19.72
5,3,2026-03-01,15.7
5,3,2026-03-02,22.21
5,3,2026-03-03,22.86
5,3,2026-03-04,22.94
5,3,2026-03-05,23.81
5,3,2026-03-06,24.51
5,3,2026-03-07,19.95
5,3,2026-03-08,15.57
5,3,2026-03-09,21.87
5,3,2026-03-10,22.72
5,3,2026-03-11,23.49
5,3,2026-03-12,23.88
5,3,2026-03-13,24.44
5,3,2026-03-14,19.78
5,3,2026-03-15,15.36
5,3,2026-03-16,21.97
5,3,2026-03-17,22.3
5,3,2026-03-18,22.45
5,3,2026-03-19,23.41
5,3,2026-03-20,24.01
5,3,2026-03-21,19.51
5,3,2026-03-22,15.33
5,3,2026-03-23,21.52
5,3,2026-03-24,22.25
5,3,2026-03-25,23.02
5,3,2026-03-26,23.37
5,3,2026-03-27,24.05
5,3,2026-03-28,19.48
5,3,2026-03-29,15.29
5,3,2026-03-30,21.94
5,3,2026-03-31,22.43
6,1,2026-01-01,55.86
6,1,2026-01-02,53.47
6,1,2026-01-03,39.1
6,1,2026-01-04,35.74
6,1,2026-01-05,47.35
6,1,2026-01-06,51.2
6,1,2026-01-07,47.71
6,1,2026-01-08,41.72
6,1,2026-01-09,46.16
6,1,2026-01-10,39.57
6,1,2026-01-11,31.51
6,1,2026-01-12,44.02
6,1,2026-01-13,44.87
6,1,2026-01-14,45.17
6,1,2026-01-15,47.33
6,1,2026-01-16,50.81
6,1,2026-01-17,40.22
6,1,2026-01-18,31.53
6,1,2026-01-19,45.07
6,1,2026-01-20,43.86
6,1,2026-01-21,45.65
6,1,2026-01-22,49.02
6,1,2026-01-23,47.79
6,1,2026-01-24,39.5
6,1,2026-01-25,32.51
6,1,2026-01-26,45.75
6,1,2026-01-27,45.36
6,1,2026-01-28,47.86
6,1,2026-01-29,47.53
6,1,2026-01-30,49.44
6,1,2026-01-31,38.56
6,1,2026-02-01,31.23
6,1,2026-02-02,45.21
6,1,2026-02-03,48.8
6,1,2026-02-04,47.85
6,1,2026-02-05,47.38
6,1,2026-02-06,48.93
6,1,2026-02-07,37.97
6,1,2026-02-08,30.9
6,1,2026-02-09,45.64
6,1,2026-02-10,48.17
6,1,2026-02-11,46.91
6,1,2026-02-12,49.15
6,1,2026-02-13,50.59
6,1,2026-02-14,39.38
6,1,2026-02-15,32.94
6,1,2026-02-16,45.31
6,1,2026-02-17,47.53
6,1,2026-02-18,47.2
6,1,2026-02-19,47.96
6,1,2026-02-20,49.39
6,1,2026-02-21,38.77
6,1,2026-02-22,32.08
6,1,2026-02-23,45.32
6,1,2026-02-24,46.59
6,1,2026-02-25,47.68
6,1,2026-02-26,48.71
6,1,2026-02-27,50.05
6,1,2026-02-28,38.65
6,1,2026-03-01,35.23
6,1,2026-03-02,46.84
6,1,2026-03-03,48.88
6,1,2026-03-04,49.65
6,1,2026-03-05,50.96
6,1,2026-03-06,51.16
6,1,2026-03-07,40.62
6,1,2026-03-08,33.51
6,1,2026-03-09,45.91
6,1,2026-03-10,49.06
6,1,2026-03-11,48.77
6,1,2026-03-12,49.36
6,1,2026-03-13,52.03
6,1,2026-03-14,40.84
6,1,2026-03-15,34.59
6,1,2026-03-16,44.57
6,1,2026-03-17,47.06
6,1,2026-03-18,48.97
6,1,2026-03-19,49.62
6,1,2026-03-20,51.48
6,1,2026-03-21,39.62
6,1,2026-03-22,33.05
6,1,2026-03-23,43.84
6,1,2026-03-24,48.45
6,1,2026-03-25,48.15
6,1,2026-03-26,48.58
6,1,2026-03-27,50.9
6,1,2026-03-28,39.79
6,1,2026-03-29,32.76
6,1,2026-03-30,43.96
6,1,2026-03-31,46.97
6,2,2026-01-01,38.13
6,2,2026-01-02,41.5
6,2,2026-01-03,32.63
6,2,2026-01-04,26.08
6,2,2026-01-05,33.39
6,2,2026-01-06,35.44
6,2,2026-01-07,36.99
6,2,2026-01-08,38.67
6,2,2026-01-09,39.96
6,2,2026-01-10,31.75
6,2,2026-01-11,25.14
6,2,2026-01-12,31.89
6,2,2026-01-13,35.23
6,2,2026-01-14,35.83
6,2,2026-01-15,36.88
6,2,2026-01-16,37.79
6,2,2026-01-17,28.9
6,2,2026-01-18,23.93
6,2,2026-01-19,31.77
6,2,2026-01-20,33.56
6,2,2026-01-21,35.39
6,2,2026-01-22,36.7
6,2,2026-01-23,37.71
6,2,2026-01-24,32.27
6,2,2026-01-25,25.39
6,2,2026-01-26,35.14
6,2,2026-01-27,34.71
6,2,2026-01-28,37.13
6,2,2026-01-29,35.96
6,2,2026-01-30,37.19
6,2,2026-01-31,29.47
6,2,2026-02-01,23.04
6,2,2026-02-02,34.54
6,2,2026-02-03,34.7
6,2,2026-02-04,34.99
6,2,2026-02-05,35.28
6,2,2026-02-06,36.93
6,2,2026-02-07,29.46
6,2,2026-02-08,23.35
6,2,2026-02-09,33.82
6,2,2026-02-10,34.46
6,2,2026-02-11,35.07
6,2,2026-02-12,35.94
6,2,2026-02-13,37.2
6,2,2026-02-14,30.65
6,2,2026-02-15,24.13
6,2,2026-02-16,34.32
6,2,2026-02-17,34.85
6,2,2026-02-18,35.56
6,2,2026-02-19,36.32
6,2,2026-02-20,37.98
6,2,2026-02-21,30.64
6,2,2026-02-22,24.02
6,2,2026-02-23,34.35
6,2,2026-02-24,34.79
6,2,2026-02-25,35.21
6,2,2026-02-26,36.44
6,2,2026-02-27,38.1
6,2,2026-02-28,30.49
6,2,2026-03-01,24.35
6,2,2026-03-02,33.99
6,2,2026-03-03,34.51
6,2,2026-03-04,35.2
6,2,2026-03-05,36.87
6,2,2026-03-06,37.81
6,2,2026-03-07,30.45
6,2,2026-03-08,23.99
6,2,2026-03-09,34.5
6,2,2026-03-10,34.96
6,2,2026-03-11,35.52
6,2,2026-03-12,37.22
6,2,2026-03-13,37.97
6,2,2026-03-14,30.33
6,2,2026-03-15,24.24
6,2,2026-03-16,33.71
6,2,2026-03-17,34.1
6,2,2026-03-18,35.03
6,2,2026-03-19,36.34
6,2,2026-03-20,37.12
6,2,2026-03-21,29.26
6,2,2026-03-22,23.91
6,2,2026-03-23,33.24
6,2,2026-03-24,33.59
6,2,2026-03-25,34.42
6,2,2026-03-26,35.14
6,2,2026-03-27,36.42
6,2,2026-03-28,29.4
6,2,2026-03-29,24.06
6,2,2026-03-30,34.47
6,2,2026-03-31,34.14
6,3,2026-01-01,26.86
6,3,2026-01-02,27.73
6,3,2026-01-03,19.87
6,3,2026-01-04,19.0
6,3,2026-01-05,26.06
6,3,2026-01-06,27.06
6,3,2026-01-07,27.8
6,3,2026-01-08,29.71
6,3,2026-01-09,30.55
6,3,2026-01-10,23.14
6,3,2026-01-11,19.21
6,3,2026-01-12,22.49
6,3,2026-01-13,24.22
6,3,2026-01-14,25.0
6,3,2026-01-15,26.87
6,3,2026-01-16,30.65
6,3,2026-01-17,20.85
6,3,2026-01-18,18.84
6,3,2026-01-19,23.37
6,3,2026-01-20,25.62
6,3,2026-01-21,26.97
6,3,2026-01-22,27.39
6,3,2026-01-23,29.87
6,3,2026-01-24,22.86
6,3,2026-01-25,18.24
6,3,2026-01-26,24.74
6,3,2026-01-27,26.81
6,3,2026-01-28,26.78
6,3,2026-01-29,27.19
6,3,2026-01-30,28.88
6,3,2026-01-31,21.05
6,3,2026-02-01,19.08
6,3,2026-02-02,25.43
6,3,2026-02-03,26.39
6,3,2026-02-04,27.02
6,3,2026-02-05,27.95
6,3,2026-02-06,29.24
6,3,2026-02-07,22.67
6,3,2026-02-08,18.33
6,3,2026-02-09,25.77
6,3,2026-02-10,26.39
6,3,2026-02-11,26.81
6,3,2026-02-12,27.41
6,3,2026-02-13,29.23
6,3,2026-02-14,22.08
6,3,2026-02-15,18.99
6,3,2026-02-16,26.12
6,3,2026-02-17,26.56
6,3,2026-02-18,26.79
6,3,2026-02-19,27.8
6,3,2026-02-20,28.98
6,3,2026-02-21,22.73
6,3,2026-02-22,19.42
6,3,2026-02-23,26.29
6,3,2026-02-24,26.23
6,3,2026-02-25,26.43
6,3,2026-02-26,27.62
6,3,2026-02-27,29.22
6,3,2026-02-28,22.57
6,3,2026-03-01,19.5
6,3,2026-03-02,26.58
6,3,2026-03-03,26.43
6,3,2026-03-04,26.92
6,3,2026-03-05,27.84
6,3,2026-03-06,29.13
6,3,2026-03-07,23.07
6,3,2026-03-08,19.8
6,3,2026-03-09,26.67
6,3,2026-03-10,26.54
6,3,2026-03-11,26.84
6,3,2026-03-12,27.98
6,3,2026-03-13,29.49
6,3,2026-03-14,22.77
6,3,2026-03-15,19.27
6,3,2026-03-16,26.17
6,3,2026-03-17,26.24
6,3,2026-03-18,26.46
6,3,2026-03-19,27.72
6,3,2026-03-20,29.56
6,3,2026-03-21,22.4
6,3,2026-03-22,18.77
6,3,2026-03-23,26.17
6,3,2026-03-24,25.97
6,3,2026-03-25,26.14
6,3,2026-03-26,27.46
6,3,2026-03-27,29.1
6,3,2026-03-28,22.56
6,3,2026-03-29,19.19
6,3,2026-03-30,26.42
6,3,2026-03-31,26.36
7,1,2026-01-01,26.87
7,1,2026-01-02,25.61
7,1,2026-01-03,17.55
7,1,2026-01-04,14.62
7,1,2026-01-05,21.11
7,1,2026-01-06,21.3
7,1,2026-01-07,22.97
7,1,2026-01-08,23.06
7,1,2026-01-09,25.85
7,1,2026-01-10,20.16
7,1,2026-01-11,15.78
7,1,2026-01-12,20.68
7,1,2026-01-13,22.82
7,1,2026-01-14,24.01
7,1,2026-01-15,24.94
7,1,2026-01-16,27.56
7,1,2026-01-17,20.48
7,1,2026-01-18,16.09
7,1,2026-01-19,21.9
7,1,2026-01-20,22.27
7,1,2026-01-21,23.45
7,1,2026-01-22,24.16
7,1,2026-01-23,24.91
7,1,2026-01-24,19.06
7,1,2026-01-25,15.93
7,1,2026-01-26,21.84
7,1,2026-01-27,23.04
7,1,2026-01-28,23.68
7,1,2026-01-29,24.25
7,1,2026-01-30,25.16
7,1,2026-01-31,18.75
7,1,2026-02-01,15.11
7,1,2026-02-02,21.6
7,1,2026-02-03,22.05
7,1,2026-02-04,23.22
7,1,2026-02-05,23.96
7,1,2026-02-06,25.8
7,1,2026-02-07,19.42
7,1,2026-02-08,15.14
7,1,2026-02-09,21.38
7,1,2026-02-10,22.83
7,1,2026-02-11,23.63
7,1,2026-02-12,24.65
7,1,2026-02-13,26.07
7,1,2026-02-14,20.37
7,1,2026-02-15,15.51
7,1,2026-02-16,21.24
7,1,2026-02-17,22.72
7,1,2026-02-18,23.79
7,1,2026-02-19,23.82
7,1,2026-02-20,25.04
7,1,2026-02-21,19.66
7,1,2026-02-22,15.05
7,1,2026-02-23,21.43
7,1,2026-02-24,22.72
7,1,2026-02-25,23.37
7,1,2026-02-26,24.06
7,1,2026-02-27,25.49
7,1,2026-02-28,19.88
7,1,2026-03-01,15.87
7,1,2026-03-02,22.01
7,1,2026-03-03,23.52
7,1,2026-03-04,24.39
7,1,2026-03-05,24.86
7,1,2026-03-06,25.64
7,1,2026-03-07,19.67
7,1,2026-03-08,15.59
7,1,2026-03-09,21.42
7,1,2026-03-10,22.83
7,1,2026-03-11,23.72
7,1,2026-03-12,24.48
7,1,2026-03-13,25.7
7,1,2026-03-14,19.57
7,1,2026-03-15,15.36
7,1,2026-03-16,21.69
7,1,2026-03-17,22.69
7,1,2026-03-18,23.67
7,1,2026-03-19,24.12
7,1,2026-03-20,25.29
7,1,2026-03-21,19.53
7,1,2026-03-22,15.27
7,1,2026-03-23,21.03
7,1,2026-03-24,22.34
7,1,2026-03-25,23.37
7,1,2026-03-26,23.98
7,1,2026-03-27,25.04
7,1,2026-03-28,19.8
7,1,2026-03-29,15.5
7,1,2026-03-30,21.74
7,1,2026-03-31,22.9
7,2,2026-01-01,28.55
7,2,2026-01-02,29.75
7,2,2026-01-03,22.13
7,2,2026-01-04,19.72
7,2,2026-01-05,28.0
7,2,2026-01-06,27.3
7,2,2026-01-07,30.07
7,2,2026-01-08,27.91
7,2,2026-01-09,29.34
7,2,2026-01-10,21.41
7,2,2026-01-11,18.53
7,2,2026-01-12,23.77
7,2,2026-01-13,26.41
7,2,2026-01-14,29.31
7,2,2026-01-15,26.33
7,2,2026-01-16,28.48
7,2,2026-01-17,21.0
7,2,2026-01-18,18.75
7,2,2026-01-19,23.8
7,2,2026-01-20,25.11
7,2,2026-01-21,25.58
7,2,2026-01-22,26.12
7,2,2026-01-23,27.15
7,2,2026-01-24,20.93
7,2,2026-01-25,18.27
7,2,2026-01-26,24.59
7,2,2026-01-27,26.41
7,2,2026-01-28,26.76
7,2,2026-01-29,26.55
7,2,2026-01-30,26.84
7,2,2026-01-31,19.91
7,2,2026-02-01,18.24
7,2,2026-02-02,25.03
7,2,2026-02-03,25.08
7,2,2026-02-04,25.71
7,2,2026-02-05,26.21
7,2,2026-02-06,27.4
7,2,2026-02-07,20.01
7,2,2026-02-08,17.63
7,2,2026-02-09,24.48
7,2,2026-02-10,25.21
7,2,2026-02-11,25.65
7,2,2026-02-12,26.24
7,2,2026-02-13,27.09
7,2,2026-02-14,20.62
7,2,2026-02-15,17.51
7,2,2026-02-16,24.6
7,2,2026-02-17,25.59
7,2,2026-02-18,25.99
7,2,2026-02-19,26.36
7,2,2026-02-20,26.86
7,2,2026-02-21,20.41
7,2,2026-02-22,17.62
7,2,2026-02-23,24.95
7,2,2026-02-24,25.36
7,2,2026-02-25,25.7
7,2,2026-02-26,26.33
7,2,2026-02-27,27.23
7,2,2026-02-28,20.38
7,2,2026-03-01,18.07
7,2,2026-03-02,25.34
7,2,2026-03-03,25.61
7,2,2026-03-04,26.02
7,2,2026-03-05,25.91
7,2,2026-03-06,26.07
7,2,2026-03-07,20.58
7,2,2026-03-08,17.95
7,2,2026-03-09,24.9
7,2,2026-03-10,25.44
7,2,2026-03-11,25.7
7,2,2026-03-12,25.84
7,2,2026-03-13,26.34
7,2,2026-03-14,20.55
7,2,2026-03-15,17.57
7,2,2026-03-16,24.46
7,2,2026-03-17,25.07
7,2,2026-03-18,25.49
7,2,2026-03-19,25.76
7,2,2026-03-20,26.43
7,2,2026-03-21,19.98
7,2,2026-03-22,17.11
7,2,2026-03-23,24.13
7,2,2026-03-24,23.94
7,2,2026-03-25,23.97
7,2,2026-03-26,24.37
7,2,2026-03-27,25.45
7,2,2026-03-28,18.74
7,2,2026-03-29,16.84
7,2,2026-03-30,23.08
7,2,2026-03-31,23.47
7,3,2026-01-01,14.11
7,3,2026-01-02,15.0
7,3,2026-01-03,13.06
7,3,2026-01-04,9.9
7,3,2026-01-05,11.98
7,3,2026-01-06,15.16
7,3,2026-01-07,14.23
7,3,2026-01-08,13.87
7,3,2026-01-09,14.63
7,3,2026-01-10,10.97
7,3,2026-01-11,8.8
7,3,2026-01-12,12.87
7,3,2026-01-13,14.87
7,3,2026-01-14,14.94
7,3,2026-01-15,14.18
7,3,2026-01-16,15.03
7,3,2026-01-17,10.55
7,3,2026-01-18,8.4
7,3,2026-01-19,12.03
7,3,2026-01-20,14.21
7,3,2026-01-21,14.51
7,3,2026-01-22,14.54
7,3,2026-01-23,14.83
7,3,2026-01-24,11.64
7,3,2026-01-25,9.14
7,3,2026-01-26,11.95
7,3,2026-01-27,14.31
7,3,2026-01-28,14.67
7,3,2026-01-29,14.5
7,3,2026-01-30,14.95
7,3,2026-01-31,10.75
7,3,2026-02-01,8.93
7,3,2026-02-02,12.25
7,3,2026-02-03,14.2
7,3,2026-02-04,14.36
7,3,2026-02-05,14.59
7,3,2026-02-06,14.74
7,3,2026-02-07,10.58
7,3,2026-02-08,9.1
7,3,2026-02-09,12.42
7,3,2026-02-10,14.14
7,3,2026-02-11,14.38
7,3,2026-02-12,14.46
7,3,2026-02-13,14.84
7,3,2026-02-14,10.37
7,3,2026-02-15,9.17
7,3,2026-02-16,12.46
7,3,2026-02-17,14.08
7,3,2026-02-18,14.31
7,3,2026-02-19,14.4
7,3,2026-02-20,14.58
7,3,2026-02-21,10.34
7,3,2026-02-22,8.43
7,3,2026-02-23,11.54
7,3,2026-02-24,13.94
7,3,2026-02-25,14.13
7,3,2026-02-26,14.21
7,3,2026-02-27,14.4
7,3,2026-02-28,10.18
7,3,2026-03-01,9.25
7,3,2026-03-02,11.94
7,3,2026-03-03,13.81
7,3,2026-03-04,14.48
7,3,2026-03-05,14.68
7,3,2026-03-06,15.01
7,3,2026-03-07,11.04
7,3,2026-03-08,9.22
7,3,2026-03-09,13.03
7,3,2026-03-10,13.82
7,3,2026-03-11,14.68
7,3,2026-03-12,14.84
7,3,2026-03-13,15.11
7,3,2026-03-14,11.53
7,3,2026-03-15,9.27
7,3,2026-03-16,13.06
7,3,2026-03-17,13.64
7,3,2026-03-18,14.57
7,3,2026-03-19,14.63
7,3,2026-03-20,14.86
7,3,2026-03-21,10.95
7,3,2026-03-22,9.17
7,3,2026-03-23,12.51
7,3,2026-03-24,13.57
7,3,2026-03-25,14.09
7,3,2026-03-26,14.21
7,3,2026-03-27,14.6
7,3,2026-03-28,10.48
7,3,2026-03-29,8.86
7,3,2026-03-30,11.56
7,3,2026-03-31,13.06
8,1,2026-01-01,31.43
8,1,2026-01-02,33.96
8,1,2026-01-03,26.19
8,1,2026-01-04,21.52
8,1,2026-01-05,30.69
8,1,2026-01-06,35.21
8,1,2026-01-07,33.96
8,1,2026-01-08,32.76
8,1,2026-01-09,34.19
8,1,2026-01-10,26.54
8,1,2026-01-11,22.33
8,1,2026-01-12,31.51
8,1,2026-01-13,34.33
8,1,2026-01-14,33.32
8,1,2026-01-15,33.24
8,1,2026-01-16,35.81
8,1,2026-01-17,27.74
8,1,2026-01-18,21.86
8,1,2026-01-19,31.14
8,1,2026-01-20,32.61
8,1,2026-01-21,33.08
8,1,2026-01-22,33.55
8,1,2026-01-23,33.98
8,1,2026-01-24,27.37
8,1,2026-01-25,21.74
8,1,2026-01-26,30.92
8,1,2026-01-27,34.16
8,1,2026-01-28,33.36
8,1,2026-01-29,33.22
8,1,2026-01-30,34.78
8,1,2026-01-31,27.29
8,1,2026-02-01,21.32
8,1,2026-02-02,30.64
8,1,2026-02-03,32.45
8,1,2026-02-04,33.51
8,1,2026-02-05,33.42
8,1,2026-02-06,35.28
8,1,2026-02-07,27.29
8,1,2026-02-08,21.33
8,1,2026-02-09,30.54
8,1,2026-02-10,34.02
8,1,2026-02-11,33.93
8,1,2026-02-12,34.11
8,1,2026-02-13,36.22
8,1,2026-02-14,28.17
8,1,2026-02-15,22.17
8,1,2026-02-16,31.14
8,1,2026-02-17,31.87
8,1,2026-02-18,33.66
8,1,2026-02-19,34.28
8,1,2026-02-20,35.41
8,1,2026-02-21,28.03
8,1,2026-02-22,22.36
8,1,2026-02-23,31.93
8,1,2026-02-24,34.38
8,1,2026-02-25,34.44
8,1,2026-02-26,34.68
8,1,2026-02-27,35.76
8,1,2026-02-28,28.69
8,1,2026-03-01,23.66
8,1,2026-03-02,34.33
8,1,2026-03-03,34.38
8,1,2026-03-04,34.99
8,1,2026-03-05,35.42
8,1,2026-03-06,37.03
8,1,2026-03-07,30.3
8,1,2026-03-08,24.44
8,1,2026-03-09,33.28
8,1,2026-03-10,34.14
8,1,2026-03-11,34.61
8,1,2026-03-12,35.08
8,1,2026-03-13,36.38
8,1,2026-03-14,29.58
8,1,2026-03-15,24.78
8,1,2026-03-16,33.29
8,1,2026-03-17,32.99
8,1,2026-03-18,34.23
8,1,2026-03-19,34.75
8,1,2026-03-20,36.36
8,1,2026-03-21,28.77
8,1,2026-03-22,24.35
8,1,2026-03-23,33.74
8,1,2026-03-24,34.27
8,1,2026-03-25,34.1
8,1,2026-03-26,34.54
8,1,2026-03-27,35.82
8,1,2026-03-28,28.97
8,1,2026-03-29,24.42
8,1,2026-03-30,34.74
8,1,2026-03-31,33.63
8,2,2026-01-01,27.0
8,2,2026-01-02,27.03
8,2,2026-01-03,20.59
8,2,2026-01-04,18.52
8,2,2026-01-05,24.98
8,2,2026-01-06,25.68
8,2,2026-01-07,26.12
8,2,2026-01-08,28.83
8,2,2026-01-09,29.54
8,2,2026-01-10,22.61
8,2,2026-01-11,18.91
8,2,2026-01-12,24.57
8,2,2026-01-13,26.94
8,2,2026-01-14,26.81
8,2,2026-01-15,27.9
8,2,2026-01-16,31.22
8,2,2026-01-17,21.55
8,2,2026-01-18,18.11
8,2,2026-01-19,24.87
8,2,2026-01-20,26.38
8,2,2026-01-21,27.49
8,2,2026-01-22,27.88
8,2,2026-01-23,30.04
8,2,2026-01-24,22.82
8,2,2026-01-25,17.24
8,2,2026-01-26,25.82
8,2,2026-01-27,26.49
8,2,2026-01-28,26.56
8,2,2026-01-29,27.09
8,2,2026-01-30,28.8
8,2,2026-01-31,21.56
8,2,2026-02-01,18.9
8,2,2026-02-02,27.01
8,2,2026-02-03,26.88
8,2,2026-02-04,26.98
8,2,2026-02-05,28.02
8,2,2026-02-06,28.94
8,2,2026-02-07,22.4
8,2,2026-02-08,19.33
8,2,2026-02-09,26.31
8,2,2026-02-10,26.48
8,2,2026-02-11,26.71
8,2,2026-02-12,27.61
8,2,2026-02-13,28.61
8,2,2026-02-14,21.57
8,2,2026-02-15,18.85
8,2,2026-02-16,26.85
8,2,2026-02-17,26.57
8,2,2026-02-18,27.01
8,2,2026-02-19,27.03
8,2,2026-02-20,28.84
8,2,2026-02-21,22.68
8,2,2026-02-22,19.07
8,2,2026-02-23,26.72
8,2,2026-02-24,26.79
8,2,2026-02-25,26.57
8,2,2026-02-26,27.75
8,2,2026-02-27,28.92
8,2,2026-02-28,21.77
8,2,2026-03-01,19.33
8,2,2026-03-02,26.84
8,2,2026-03-03,26.83
8,2,2026-03-04,27.21
8,2,2026-03-05,28.07
8,2,2026-03-06,28.98
8,2,2026-03-07,22.76
8,2,2026-03-08,19.29
8,2,2026-03-09,26.67
8,2,2026-03-10,26.92
8,2,2026-03-11,26.79
8,2,2026-03-12,28.0
8,2,2026-03-13,29.34
8,2,2026-03-14,22.16
8,2,2026-03-15,18.98
8,2,2026-03-16,26.33
8,2,2026-03-17,26.39
8,2,2026-03-18,26.96
8,2,2026-03-19,27.33
8,2,2026-03-20,29.02
8,2,2026-03-21,22.26
8,2,2026-03-22,18.39
8,2,2026-03-23,26.07
8,2,2026-03-24,26.23
8,2,2026-03-25,26.39
8,2,2026-03-26,26.61
8,2,2026-03-27,28.54
8,2,2026-03-28,22.09
8,2,2026-03-29,19.15
8,2,2026-03-30,26.32
8,2,2026-03-31,26.47
8,3,2026-01-01,21.65
8,3,2026-01-02,20.66
8,3,2026-01-03,14.83
8,3,2026-01-04,12.46
8,3,2026-01-05,19.31
8,3,2026-01-06,20.77
8,3,2026-01-07,21.14
8,3,2026-01-08,20.09
8,3,2026-01-09,19.95
8,3,2026-01-10,14.89
8,3,2026-01-11,12.58
8,3,2026-01-12,19.51
8,3,2026-01-13,18.8
8,3,2026-01-14,18.77
8,3,2026-01-15,20.31
8,3,2026-01-16,20.44
8,3,2026-01-17,14.72
8,3,2026-01-18,11.54
8,3,2026-01-19,18.97
8,3,2026-01-20,19.24
8,3,2026-01-21,19.66
8,3,2026-01-22,18.64
8,3,2026-01-23,19.73
8,3,2026-01-24,16.71
8,3,2026-01-25,12.6
8,3,2026-01-26,18.58
8,3,2026-01-27,17.88
8,3,2026-01-28,18.97
8,3,2026-01-29,19.91
8,3,2026-01-30,19.94
8,3,2026-01-31,15.23
8,3,2026-02-01,12.65
8,3,2026-02-02,18.5
8,3,2026-02-03,18.48
8,3,2026-02-04,19.46
8,3,2026-02-05,19.66
8,3,2026-02-06,20.2
8,3,2026-02-07,15.64
8,3,2026-02-08,12.28
8,3,2026-02-09,18.87
8,3,2026-02-10,18.74
8,3,2026-02-11,19.12
8,3,2026-02-12,20.12
8,3,2026-02-13,20.41
8,3,2026-02-14,15.45
8,3,2026-02-15,12.28
8,3,2026-02-16,18.86
8,3,2026-02-17,19.24
8,3,2026-02-18,19.58
8,3,2026-02-19,20.26
8,3,2026-02-20,20.52
8,3,2026-02-21,15.99
8,3,2026-02-22,12.29
8,3,2026-02-23,18.58
8,3,2026-02-24,19.01
8,3,2026-02-25,19.5
8,3,2026-02-26,20.16
8,3,2026-02-27,20.4
8,3,2026-02-28,15.56
8,3,2026-03-01,12.49
8,3,2026-03-02,18.77
8,3,2026-03-03,19.49
8,3,2026-03-04,19.62
8,3,2026-03-05,20.33
8,3,2026-03-06,20.58
8,3,2026-03-07,15.76
8,3,2026-03-08,12.39
8,3,2026-03-09,18.42
8,3,2026-03-10,19.22
8,3,2026-03-11,19.5
8,3,2026-03-12,20.23
8,3,2026-03-13,20.53
8,3,2026-03-14,15.61
8,3,2026-03-15,12.06
8,3,2026-03-16,18.28
8,3,2026-03-17,19.04
8,3,2026-03-18,19.33
8,3,2026-03-19,20.1
8,3,2026-03-20,20.58
8,3,2026-03-21,15.28
8,3,2026-03-22,12.11
8,3,2026-03-23,18.19
8,3,2026-03-24,18.94
8,3,2026-03-25,19.25
8,3,2026-03-26,20.09
8,3,2026-03-27,20.4
8,3,2026-03-28,15.4
8,3,2026-03-29,12.16
8,3,2026-03-30,18.87
8,3,2026-03-31,19.28
9,1,2026-01-01,51.81
9,1,2026-01-02,53.56
9,1,2026-01-03,42.39
9,1,2026-01-04,33.94
9,1,2026-01-05,46.87
9,1,2026-01-06,47.05
9,1,2026-01-07,45.16
9,1,2026-01-08,48.04
9,1,2026-01-09,49.71
9,1,2026-01-10,38.83
9,1,2026-01-11,32.36
9,1,2026-01-12,44.03
9,1,2026-01-13,42.24
9,1,2026-01-14,45.38
9,1,2026-01-15,49.2
9,1,2026-01-16,50.85
9,1,2026-01-17,40.75
9,1,2026-01-18,32.91
9,1,2026-01-19,46.66
9,1,2026-01-20,48.05
9,1,2026-01-21,46.83
9,1,2026-01-22,46.1
9,1,2026-01-23,49.09
9,1,2026-01-24,39.84
9,1,2026-01-25,32.91
9,1,2026-01-26,45.79
9,1,2026-01-27,48.81
9,1,2026-01-28,47.0
9,1,2026-01-29,47.32
9,1,2026-01-30,48.87
9,1,2026-01-31,39.66
9,1,2026-02-01,33.52
9,1,2026-02-02,46.06
9,1,2026-02-03,46.47
9,1,2026-02-04,47.1
9,1,2026-02-05,49.12
9,1,2026-02-06,50.13
9,1,2026-02-07,39.32
9,1,2026-02-08,33.92
9,1,2026-02-09,46.46
9,1,2026-02-10,46.41
9,1,2026-02-11,47.59
9,1,2026-02-12,47.54
9,1,2026-02-13,50.0
9,1,2026-02-14,39.43
9,1,2026-02-15,34.01
9,1,2026-02-16,46.61
9,1,2026-02-17,48.42
9,1,2026-02-18,47.49
9,1,2026-02-19,48.18
9,1,2026-02-20,49.72
9,1,2026-02-21,38.83
9,1,2026-02-22,33.78
9,1,2026-02-23,45.98
9,1,2026-02-24,48.59
9,1,2026-02-25,47.39
9,1,2026-02-26,48.72
9,1,2026-02-27,49.81
9,1,2026-02-28,38.9
9,1,2026-03-01,35.91
9,1,2026-03-02,47.36
9,1,2026-03-03,48.31
9,1,2026-03-04,48.91
9,1,2026-03-05,49.87
9,1,2026-03-06,51.73
9,1,2026-03-07,40.69
9,1,2026-03-08,34.53
9,1,2026-03-09,46.9
9,1,2026-03-10,49.78
9,1,2026-03-11,50.34
9,1,2026-03-12,50.16
9,1,2026-03-13,52.1
9,1,2026-03-14,40.64
9,1,2026-03-15,34.8
9,1,2026-03-16,45.51
9,1,2026-03-17,47.24
9,1,2026-03-18,48.44
9,1,2026-03-19,48.36
9,1,2026-03-20,51.9
9,1,2026-03-21,41.31
9,1,2026-03-22,34.32
9,1,2026-03-23,45.26
9,1,2026-03-24,48.8
9,1,2026-03-25,48.63
9,1,2026-03-26,49.64
9,1,2026-03-27,51.36
9,1,2026-03-28,39.72
9,1,2026-03-29,33.46
9,1,2026-03-30,45.66
9,1,2026-03-31,48.03
9,2,2026-01-01,36.31
9,2,2026-01-02,39.94
9,2,2026-01-03,33.22
9,2,2026-01-04,26.56
9,2,2026-01-05,35.98
9,2,2026-01-06,37.75
9,2,2026-01-07,38.29
9,2,2026-01-08,37.43
9,2,2026-01-09,39.46
9,2,2026-01-10,31.51
9,2,2026-01-11,25.87
9,2,2026-01-12,32.64
9,2,2026-01-13,34.54
9,2,2026-01-14,36.53
9,2,2026-01-15,37.04
9,2,2026-01-16,39.74
9,2,2026-01-17,29.85
9,2,2026-01-18,24.35
9,2,2026-01-19,32.98
9,2,2026-01-20,35.55
9,2,2026-01-21,37.01
9,2,2026-01-22,37.87
9,2,2026-01-23,37.74
9,2,2026-01-24,33.87
9,2,2026-01-25,25.13
9,2,2026-01-26,34.42
9,2,2026-01-27,35.44
9,2,2026-01-28,36.32
9,2,2026-01-29,36.96
9,2,2026-01-30,38.33
9,2,2026-01-31,30.05
9,2,2026-02-01,24.18
9,2,2026-02-02,36.62
9,2,2026-02-03,35.81
9,2,2026-02-04,36.23
9,2,2026-02-05,37.25
9,2,2026-02-06,38.4
9,2,2026-02-07,31.19
9,2,2026-02-08,24.12
9,2,2026-02-09,35.16
9,2,2026-02-10,35.74
9,2,2026-02-11,36.52
9,2,2026-02-12,37.34
9,2,2026-02-13,38.26
9,2,2026-02-14,31.17
9,2,2026-02-15,24.44
9,2,2026-02-16,34.77
9,2,2026-02-17,36.18
9,2,2026-02-18,36.6
9,2,2026-02-19,37.54
9,2,2026-02-20,38.57
9,2,2026-02-21,31.48
9,2,2026-02-22,24.21
9,2,2026-02-23,34.97
9,2,2026-02-24,36.16
9,2,2026-02-25,36.56
9,2,2026-02-26,37.5
9,2,2026-02-27,38.42
9,2,2026-02-28,31.62
9,2,2026-03-01,26.22
9,2,2026-03-02,36.54
9,2,2026-03-03,37.35
9,2,2026-03-04,37.35
9,2,2026-03-05,38.97
9,2,2026-03-06,39.87
9,2,2026-03-07,32.32
9,2,2026-03-08,26.16
9,2,2026-03-09,37.35
9,2,2026-03-10,37.54
9,2,2026-03-11,37.94
9,2,2026-03-12,39.2
9,2,2026-03-13,40.06
9,2,2026-03-14,32.08
9,2,2026-03-15,26.41
9,2,2026-03-16,36.2
9,2,2026-03-17,36.86
9,2,2026-03-18,37.03
9,2,2026-03-19,38.47
9,2,2026-03-20,39.28
9,2,2026-03-21,31.07
9,2,2026-03-22,25.34
9,2,2026-03-23,36.23
9,2,2026-03-24,37.13
9,2,2026-03-25,37.25
9,2,2026-03-26,38.85
9,2,2026-03-27,39.15
9,2,2026-03-28,30.77
9,2,2026-03-29,26.02
9,2,2026-03-30,36.41
9,2,2026-03-31,37.29
9,3,2026-01-01,30.24
9,3,2026-01-02,33.21
9,3,2026-01-03,24.88
9,3,2026-01-04,22.14
9,3,2026-01-05,29.38
9,3,2026-01-06,31.28
9,3,2026-01-07,31.07
9,3,2026-01-08,29.94
9,3,2026-01-09,30.63
9,3,2026-01-10,25.51
9,3,2026-01-11,21.8
9,3,2026-01-12,30.07
9,3,2026-01-13,30.75
9,3,2026-01-14,31.07
9,3,2026-01-15,30.57
9,3,2026-01-16,32.94
9,3,2026-01-17,25.7
9,3,2026-01-18,22.05
9,3,2026-01-19,29.71
9,3,2026-01-20,31.23
9,3,2026-01-21,31.32
9,3,2026-01-22,31.7
9,3,2026-01-23,32.2
9,3,2026-01-24,26.37
9,3,2026-01-25,21.09
9,3,2026-01-26,29.86
9,3,2026-01-27,31.33
9,3,2026-01-28,31.7
9,3,2026-01-29,31.63
9,3,2026-01-30,33.84
9,3,2026-01-31,26.71
9,3,2026-02-01,21.45
9,3,2026-02-02,29.5
9,3,2026-02-03,31.64
9,3,2026-02-04,31.54
9,3,2026-02-05,31.59
9,3,2026-02-06,32.89
9,3,2026-02-07,26.03
9,3,2026-02-08,20.81
9,3,2026-02-09,30.52
9,3,2026-02-10,30.91
9,3,2026-02-11,31.56
9,3,2026-02-12,31.98
9,3,2026-02-13,34.76
9,3,2026-02-14,25.67
9,3,2026-02-15,21.07
9,3,2026-02-16,30.17
9,3,2026-02-17,31.15
9,3,2026-02-18,31.66
9,3,2026-02-19,32.19
9,3,2026-02-20,34.23
9,3,2026-02-21,25.77
9,3,2026-02-22,21.38
9,3,2026-02-23,30.21
9,3,2026-02-24,31.39
9,3,2026-02-25,31.81
9,3,2026-02-26,32.73
9,3,2026-02-27,34.86
9,3,2026-02-28,26.07
9,3,2026-03-01,21.28
9,3,2026-03-02,30.2
9,3,2026-03-03,31.36
9,3,2026-03-04,31.92
9,3,2026-03-05,32.61
9,3,2026-03-06,33.99
9,3,2026-03-07,26.73
9,3,2026-03-08,20.95
9,3,2026-03-09,30.96
9,3,2026-03-10,31.24
9,3,2026-03-11,31.98
9,3,2026-03-12,32.66
9,3,2026-03-13,34.56
9,3,2026-03-14,25.55
9,3,2026-03-15,21.15
9,3,2026-03-16,30.25
9,3,2026-03-17,31.22
9,3,2026-03-18,31.32
9,3,2026-03-19,32.05
9,3,2026-03-20,34.54
9,3,2026-03-21,25.35
9,3,2026-03-22,20.87
9,3,2026-03-23,29.94
9,3,2026-03-24,30.97
9,3,2026-03-25,31.05
9,3,2026-03-26,31.81
9,3,2026-03-27,34.4
9,3,2026-03-28,25.81
9,3,2026-03-29,20.33
9,3,2026-03-30,30.07
9,3,2026-03-31,30.67
10,1,2026-01-01,76.57
10,1,2026-01-02,68.97
10,1,2026-01-03,66.61
10,1,2026-01-04,55.55
10,1,2026-01-05,70.27
10,1,2026-01-06,75.46
10,1,2026-01-07,67.86
10,1,2026-01-08,79.76
10,1,2026-01-09,82.57
10,1,2026-01-10,68.47
10,1,2026-01-11,51.92
10,1,2026-01-12,67.15
10,1,2026-01-13,72.09
10,1,2026-01-14,75.04
10,1,2026-01-15,72.38
10,1,2026-01-16,82.26
10,1,2026-01-17,65.41
10,1,2026-01-18,50.74
10,1,2026-01-19,69.41
10,1,2026-01-20,74.6
10,1,2026-01-21,77.01
10,1,2026-01-22,80.66
10,1,2026-01-23,76.37
10,1,2026-01-24,65.08
10,1,2026-01-25,48.83
10,1,2026-01-26,69.7
10,1,2026-01-27,72.17
10,1,2026-01-28,74.35
10,1,2026-01-29,73.69
10,1,2026-01-30,74.23
10,1,2026-01-31,59.73
10,1,2026-02-01,48.01
10,1,2026-02-02,67.16
10,1,2026-02-03,69.89
10,1,2026-02-04,73.61
10,1,2026-02-05,71.95
10,1,2026-02-06,76.89
10,1,2026-02-07,57.74
10,1,2026-02-08,46.49
10,1,2026-02-09,68.12
10,1,2026-02-10,70.73
10,1,2026-02-11,72.0
10,1,2026-02-12,71.98
10,1,2026-02-13,76.69
10,1,2026-02-14,56.34
10,1,2026-02-15,47.35
10,1,2026-02-16,69.01
10,1,2026-02-17,68.86
10,1,2026-02-18,69.16
10,1,2026-02-19,67.74
10,1,2026-02-20,72.03
10,1,2026-02-21,56.43
10,1,2026-02-22,50.39
10,1,2026-02-23,68.01
10,1,2026-02-24,69.51
10,1,2026-02-25,69.08
10,1,2026-02-26,71.63
10,1,2026-02-27,72.67
10,1,2026-02-28,55.71
10,1,2026-03-01,51.28
10,1,2026-03-02,66.79
10,1,2026-03-03,74.12
10,1,2026-03-04,67.78
10,1,2026-03-05,73.72
10,1,2026-03-06,75.37
10,1,2026-03-07,57.31
10,1,2026-03-08,52.12
10,1,2026-03-09,71.56
10,1,2026-03-10,67.17
10,1,2026-03-11,72.64
10,1,2026-03-12,71.46
10,1,2026-03-13,74.95
10,1,2026-03-14,57.07
10,1,2026-03-15,50.62
10,1,2026-03-16,66.58
10,1,2026-03-17,68.74
10,1,2026-03-18,69.91
10,1,2026-03-19,68.3
10,1,2026-03-20,71.95
10,1,2026-03-21,57.24
10,1,2026-03-22,46.02
10,1,2026-03-23,60.21
10,1,2026-03-24,68.14
10,1,2026-03-25,67.51
10,1,2026-03-26,69.16
10,1,2026-03-27,71.33
10,1,2026-03-28,56.16
10,1,2026-03-29,47.87
10,1,2026-03-30,63.91
10,1,2026-03-31,71.04
10,2,2026-01-01,61.25
10,2,2026-01-02,60.44
10,2,2026-01-03,47.92
10,2,2026-01-04,36.46
10,2,2026-01-05,57.73
10,2,2026-01-06,56.15
10,2,2026-01-07,59.17
10,2,2026-01-08,61.76
10,2,2026-01-09,62.43
10,2,2026-01-10,45.53
10,2,2026-01-11,34.91
10,2,2026-01-12,56.74
10,2,2026-01-13,59.58
10,2,2026-01-14,60.8
10,2,2026-01-15,63.44
10,2,2026-01-16,62.1
10,2,2026-01-17,49.45
10,2,2026-01-18,36.9
10,2,2026-01-19,58.53
10,2,2026-01-20,62.0
10,2,2026-01-21,60.17
10,2,2026-01-22,64.16
10,2,2026-01-23,63.21
10,2,2026-01-24,54.88
10,2,2026-01-25,42.23
10,2,2026-01-26,54.85
10,2,2026-01-27,55.6
10,2,2026-01-28,57.77
10,2,2026-01-29,61.28
10,2,2026-01-30,63.9
10,2,2026-01-31,49.98
10,2,2026-02-01,38.37
10,2,2026-02-02,55.94
10,2,2026-02-03,57.5
10,2,2026-02-04,60.79
10,2,2026-02-05,61.96
10,2,2026-02-06,63.99
10,2,2026-02-07,49.33
10,2,2026-02-08,38.86
10,2,2026-02-09,58.45
10,2,2026-02-10,61.29
10,2,2026-02-11,60.97
10,2,2026-02-12,63.66
10,2,2026-02-13,64.85
10,2,2026-02-14,50.35
10,2,2026-02-15,39.92
10,2,2026-02-16,57.26
10,2,2026-02-17,61.0
10,2,2026-02-18,62.84
10,2,2026-02-19,65.04
10,2,2026-02-20,67.64
10,2,2026-02-21,49.74
10,2,2026-02-22,41.03
10,2,2026-02-23,56.07
10,2,2026-02-24,58.76
10,2,2026-02-25,62.14
10,2,2026-02-26,63.16
10,2,2026-02-27,65.81
10,2,2026-02-28,49.38
10,2,2026-03-01,41.41
10,2,2026-03-02,61.44
10,2,2026-03-03,62.7
10,2,2026-03-04,65.02
10,2,2026-03-05,67.14
10,2,2026-03-06,70.45
10,2,2026-03-07,52.21
10,2,2026-03-08,43.35
10,2,2026-03-09,62.62
10,2,2026-03-10,62.37
10,2,2026-03-11,65.82
10,2,2026-03-12,67.24
10,2,2026-03-13,68.34
10,2,2026-03-14,52.61
10,2,2026-03-15,42.65
10,2,2026-03-16,61.22
10,2,2026-03-17,61.48
10,2,2026-03-18,64.88
10,2,2026-03-19,66.31
10,2,2026-03-20,68.61
10,2,2026-03-21,51.2
10,2,2026-03-22,41.53
10,2,2026-03-23,60.16
10,2,2026-03-24,61.93
10,2,2026-03-25,64.84
10,2,2026-03-26,65.41
10,2,2026-03-27,67.09
10,2,2026-03-28,50.37
10,2,2026-03-29,41.52
10,2,2026-03-30,60.48
10,2,2026-03-31,64.31
10,3,2026-01-01,47.44
10,3,2026-01-02,47.59
10,3,2026-01-03,35.52
10,3,2026-01-04,28.29
10,3,2026-01-05,40.4
10,3,2026-01-06,43.86
10,3,2026-01-07,42.79
10,3,2026-01-08,43.69
10,3,2026-01-09,49.01
10,3,2026-01-10,34.78
10,3,2026-01-11,29.31
10,3,2026-01-12,43.09
10,3,2026-01-13,43.51
10,3,2026-01-14,44.11
10,3,2026-01-15,42.48
10,3,2026-01-16,44.5
10,3,2026-01-17,32.6
10,3,2026-01-18,29.04
10,3,2026-01-19,40.3
10,3,2026-01-20,39.43
10,3,2026-01-21,38.32
10,3,2026-01-22,40.09
10,3,2026-01-23,42.11
10,3,2026-01-24,33.18
10,3,2026-01-25,28.51
10,3,2026-01-26,37.43
10,3,2026-01-27,37.89
10,3,2026-01-28,38.67
10,3,2026-01-29,39.98
10,3,2026-01-30,41.86
10,3,2026-01-31,34.31
10,3,2026-02-01,28.03
10,3,2026-02-02,39.65
10,3,2026-02-03,39.38
10,3,2026-02-04,40.29
10,3,2026-02-05,42.17
10,3,2026-02-06,42.98
10,3,2026-02-07,34.95
10,3,2026-02-08,27.48
10,3,2026-02-09,39.19
10,3,2026-02-10,39.2
10,3,2026-02-11,39.87
10,3,2026-02-12,41.89
10,3,2026-02-13,42.7
10,3,2026-02-14,34.83
10,3,2026-02-15,27.85
10,3,2026-02-16,40.06
10,3,2026-02-17,40.2
10,3,2026-02-18,40.3
10,3,2026-02-19,42.16
10,3,2026-02-20,43.25
10,3,2026-02-21,34.83
10,3,2026-02-22,26.8
10,3,2026-02-23,40.24
10,3,2026-02-24,40.86
10,3,2026-02-25,41.02
10,3,2026-02-26,41.83
10,3,2026-02-27,43.14
10,3,2026-02-28,34.45
10,3,2026-03-01,28.17
10,3,2026-03-02,40.83
10,3,2026-03-03,41.23
10,3,2026-03-04,41.2
10,3,2026-03-05,42.61
10,3,2026-03-06,43.96
10,3,2026-03-07,35.01
10,3,2026-03-08,26.5
10,3,2026-03-09,39.34
10,3,2026-03-10,40.34
10,3,2026-03-11,41.19
10,3,2026-03-12,42.79
10,3,2026-03-13,43.7
10,3,2026-03-14,34.59
10,3,2026-03-15,26.75
10,3,2026-03-16,39.77
10,3,2026-03-17,40.49
10,3,2026-03-18,40.8
10,3,2026-03-19,41.86
10,3,2026-03-20,43.09
10,3,2026-03-21,34.06
10,3,2026-03-22,25.45
10,3,2026-03-23,39.45
10,3,2026-03-24,40.07
10,3,2026-03-25,39.48
10,3,2026-03-26,40.36
10,3,2026-03-27,41.79
10,3,2026-03-28,33.96
10,3,2026-03-29,25.56
10,3,2026-03-30,39.85
10,3,2026-03-31,39.66
