product_id,product_name,warehouse_id,stock_quantity,avg_daily_demand,lead_time_days,days_of_inventory,lead_time_demand,safety_stock,reorder_point,stockout_risk,recommended_order_qty
2,Wireless Mouse,2,37,87.77564979480164,7,0.42152920640857805,614.4295485636114,122.8859097127223,737.3154582763337,HIGH,701.0
1,Wireless Keyboard,3,100,58.07250341997264,7,1.7219853478127725,406.5075239398085,81.3015047879617,487.80902872777017,HIGH,388.0
1,Wireless Keyboard,1,429,96.45280437756497,7,4.447771143290737,675.1696306429549,135.033926128591,810.2035567715459,HIGH,382.0
4,Laptop Stand,3,245,27.885088919288645,18,8.786057692307693,501.9316005471956,100.38632010943913,602.3179206566348,HIGH,358.0
3,USB-C Hub,3,210,37.909712722298224,12,5.539477482678984,454.9165526675787,90.98331053351575,545.8998632010944,HIGH,336.0
2,Wireless Mouse,1,779,122.3844049247606,7,6.365190078579972,856.6908344733242,171.33816689466485,1028.0290013679892,HIGH,250.0
1,Wireless Keyboard,2,376,73.37619699042408,7,5.124277564413289,513.6333789329685,102.72667578659372,616.3600547195622,HIGH,241.0
8,Headset,2,151,25.64158686730506,12,5.888871105420401,307.6990424076607,61.53980848153215,369.23885088919286,HIGH,219.0
5,Mechanical Keyboard,3,166,22.872777017783857,12,7.2575358851674645,274.4733242134063,54.89466484268126,329.36798905608754,HIGH,164.0
3,USB-C Hub,1,3846,63.98768809849521,12,60.10531266702298,767.8522571819426,153.57045143638854,921.4227086183312,LOW,0.0
3,USB-C Hub,2,1356,48.34746922024624,12,28.046969611227436,580.1696306429549,116.03392612859098,696.2035567715459,LOW,0.0
4,Laptop Stand,1,21846,46.53077975376197,18,469.4956782501323,837.5540355677155,167.5108071135431,1005.0648426812586,LOW,0.0
4,Laptop Stand,2,12215,35.310533515731876,18,345.9307686347435,635.5896032831738,127.11792065663477,762.7075239398085,LOW,0.0
5,Mechanical Keyboard,1,2412,38.292749658002734,12,62.98842526436125,459.5129958960328,91.90259917920656,551.4155950752394,LOW,0.0
6,Webcam,1,21074,48.14774281805745,18,437.69445391521765,866.6593707250341,173.33187414500685,1039.991244870041,LOW,0.0
6,Webcam,2,11805,34.78112175102599,18,339.40825958702067,626.0601915184678,125.21203830369357,751.2722298221614,LOW,0.0
6,Webcam,3,2238,27.441860465116278,18,81.5542372881356,493.95348837209303,98.79069767441861,592.7441860465117,LOW,0.0
7,27-inch Monitor,1,23584,23.783857729138166,25,991.5969170597033,594.5964432284542,118.91928864569084,713.515731874145,LOW,0.0
7,27-inch Monitor,2,11206,19.67168262653899,25,569.651321279555,491.7920656634747,98.35841313269495,590.1504787961696,LOW,0.0
7,27-inch Monitor,3,8364,14.488372093023257,25,577.290529695024,362.2093023255814,72.44186046511628,434.6511627906977,LOW,0.0
8,Headset,1,3994,33.84541723666211,12,118.00711369791034,406.14500683994527,81.22900136798906,487.3740082079343,LOW,0.0
9,Bluetooth Speaker,1,26926,51.811217510259915,18,519.6944077731425,932.6019151846784,186.5203830369357,1119.122298221614,LOW,0.0
9,Bluetooth Speaker,2,16356,38.850889192886456,18,420.99422535211266,699.3160054719563,139.86320109439126,839.1792065663475,LOW,0.0
9,Bluetooth Speaker,3,6894,30.902872777017784,18,223.08605577689244,556.2517099863201,111.25034199726402,667.5020519835841,LOW,0.0
10,Power Bank,1,56750,69.14637482900137,25,820.7227080283305,1728.6593707250343,345.7318741450069,2074.391244870041,LOW,0.0
10,Power Bank,2,37082,53.03967168262654,25,699.1370576704838,1325.9917920656635,265.1983584131327,1591.190150478796,LOW,0.0
10,Power Bank,3,12030,43.65663474692202,25,275.5594898630652,1091.4158686730507,218.28317373461016,1309.6990424076607,LOW,0.0
2,Wireless Mouse,3,513,68.97400820793433,7,7.4375842919476405,482.8180574555403,96.56361149110808,579.3816689466485,MEDIUM,67.0
5,Mechanical Keyboard,2,365,29.136798905608757,12,12.52711394901169,349.6415868673051,69.92831737346101,419.5699042407661,MEDIUM,55.0
8,Headset,3,297,20.370725034199726,12,14.579746155395878,244.44870041039673,48.88974008207935,293.3384404924761,MEDIUM,0.0
