promotion_id,product_id,start_date,end_date,discount_percent
1,1,2025-03-10,2025-03-20,10.0
2,1,2025-08-05,2025-08-15,15.0
3,1,2025-11-15,2025-11-30,20.0
4,2,2025-03-10,2025-03-20,10.0
5,2,2025-08-05,2025-08-15,15.0
6,2,2025-11-15,2025-11-30,20.0
7,3,2025-03-10,2025-03-20,10.0
8,3,2025-08-05,2025-08-15,15.0
9,3,2025-11-15,2025-11-30,20.0
10,4,2025-03-10,2025-03-20,10.0
11,4,2025-08-05,2025-08-15,15.0
12,4,2025-11-15,2025-11-30,20.0
13,5,2025-03-10,2025-03-20,10.0
14,5,2025-08-05,2025-08-15,15.0
15,5,2025-11-15,2025-11-30,20.0
16,6,2025-03-10,2025-03-20,10.0
17,6,2025-08-05,2025-08-15,15.0
18,6,2025-11-15,2025-11-30,20.0
19,7,2025-03-10,2025-03-20,10.0
20,7,2025-08-05,2025-08-15,15.0
21,7,2025-11-15,2025-11-30,20.0
22,8,2025-03-10,2025-03-20,10.0
23,8,2025-08-05,2025-08-15,15.0
24,8,2025-11-15,2025-11-30,20.0
25,9,2025-03-10,2025-03-20,10.0
26,9,2025-08-05,2025-08-15,15.0
27,9,2025-11-15,2025-11-30,20.0
28,10,2025-03-10,2025-03-20,10.0
29,10,2025-08-05,2025-08-15,15.0
30,10,2025-11-15,2025-11-30,20.0
