product_id,warehouse_id,forecast_7_day_demand,stock_quantity,lead_time_days,forecast_daily_demand,lead_time_demand,safety_stock,reorder_point,recommended_order_qty,stockout_risk
1,1,707.25,429,7,101.04,707.25,141.45,848.71,420.0,HIGH
1,2,518.18,376,7,74.03,518.18,103.64,621.81,246.0,HIGH
1,3,434.45,100,7,62.06,434.45,86.89,521.34,422.0,HIGH
2,1,833.8,779,7,119.11,833.8,166.76,1000.56,222.0,HIGH
2,2,610.12,37,7,87.16,610.12,122.02,732.15,696.0,HIGH
2,3,580.98,513,7,83.0,580.98,116.2,697.17,185.0,HIGH
3,1,433.02,3846,12,61.86,742.32,148.46,890.78,0.0,LOW
3,2,333.43,1356,12,47.63,571.59,114.32,685.91,0.0,LOW
3,3,288.36,210,12,41.19,494.33,98.87,593.19,384.0,HIGH
4,1,269.14,21846,18,38.45,692.08,138.42,830.49,0.0,LOW
4,2,185.62,12215,18,26.52,477.31,95.46,572.78,0.0,LOW
4,3,161.13,245,18,23.02,414.34,82.87,497.2,253.0,HIGH
5,1,288.81,2412,12,41.26,495.1,99.02,594.12,0.0,LOW
5,2,213.52,365,12,30.5,366.04,73.21,439.24,75.0,HIGH
5,3,195.39,166,12,27.91,334.95,66.99,401.94,236.0,HIGH
6,1,268.71,21074,18,38.39,690.96,138.19,829.16,0.0,LOW
6,2,188.25,11805,18,26.89,484.08,96.82,580.89,0.0,LOW
6,3,163.63,2238,18,23.38,420.76,84.15,504.92,0.0,LOW
7,1,75.55,23584,25,10.79,269.81,53.96,323.78,0.0,LOW
7,2,62.44,11206,25,8.92,222.98,44.6,267.58,0.0,LOW
7,3,50.69,8364,25,7.24,181.05,36.21,217.26,0.0,LOW
8,1,202.45,3994,12,28.92,347.06,69.41,416.47,0.0,LOW
8,2,152.37,151,12,21.77,261.2,52.24,313.44,163.0,HIGH
8,3,126.68,297,12,18.1,217.17,43.43,260.6,0.0,LOW
9,1,142.17,26926,18,20.31,365.59,73.12,438.71,0.0,LOW
9,2,109.45,16356,18,15.64,281.45,56.29,337.73,0.0,LOW
9,3,102.99,6894,18,14.71,264.82,52.96,317.79,0.0,LOW
10,1,325.8,56750,25,46.54,1163.56,232.71,1396.27,0.0,LOW
10,2,241.44,37082,25,34.49,862.3,172.46,1034.76,0.0,LOW
10,3,217.24,12030,25,31.03,775.85,155.17,931.02,0.0,LOW
