demand_increase_pct,product_id,warehouse_id,stock_quantity,adjusted_7_day_demand,adjusted_reorder_point,additional_order_qty,stockout_risk
0,1,1,429,707.25,848.7,420,HIGH
0,1,2,376,518.18,621.82,246,HIGH
0,1,3,100,434.45,521.34,422,HIGH
0,2,1,779,833.8,1000.56,222,HIGH
0,2,2,37,610.12,732.14,696,HIGH
0,2,3,513,580.98,697.18,185,HIGH
0,3,1,3846,433.02,890.78,0,LOW
0,3,2,1356,333.43,685.91,0,LOW
0,3,3,210,288.36,593.2,384,HIGH
0,4,1,21846,269.14,830.49,0,LOW
0,4,2,12215,185.62,572.77,0,LOW
0,4,3,245,161.13,497.2,253,HIGH
0,5,1,2412,288.81,594.12,0,LOW
0,5,2,365,213.52,439.24,75,HIGH
0,5,3,166,195.39,401.95,236,HIGH
0,6,1,21074,268.71,829.16,0,LOW
0,6,2,11805,188.25,580.89,0,LOW
0,6,3,2238,163.63,504.92,0,LOW
0,7,1,23584,75.55,323.79,0,LOW
0,7,2,11206,62.44,267.6,0,LOW
0,7,3,8364,50.69,217.24,0,LOW
0,8,1,3994,202.45,416.47,0,LOW
0,8,2,151,152.37,313.45,163,HIGH
0,8,3,297,126.68,260.6,0,LOW
0,9,1,26926,142.17,438.7,0,LOW
0,9,2,16356,109.45,337.73,0,LOW
0,9,3,6894,102.99,317.8,0,LOW
0,10,1,56750,325.8,1396.29,0,LOW
0,10,2,37082,241.44,1034.74,0,LOW
0,10,3,12030,217.24,931.03,0,LOW
10,1,1,429,777.98,933.57,505,HIGH
10,1,2,376,570.0,684.0,308,HIGH
10,1,3,100,477.9,573.47,474,HIGH
10,2,1,779,917.18,1100.62,322,HIGH
10,2,2,37,671.13,805.36,769,HIGH
10,2,3,513,639.08,766.89,254,HIGH
10,3,1,3846,476.32,979.86,0,LOW
10,3,2,1356,366.77,754.5,0,LOW
10,3,3,210,317.2,652.52,443,HIGH
10,4,1,21846,296.05,913.54,0,LOW
10,4,2,12215,204.18,630.05,0,LOW
10,4,3,245,177.24,546.92,302,HIGH
10,5,1,2412,317.69,653.54,0,LOW
10,5,2,365,234.87,483.17,119,HIGH
10,5,3,166,214.93,442.14,277,HIGH
10,6,1,21074,295.58,912.08,0,LOW
10,6,2,11805,207.08,638.97,0,LOW
10,6,3,2238,179.99,555.41,0,LOW
10,7,1,23584,83.11,356.16,0,LOW
10,7,2,11206,68.68,294.36,0,LOW
10,7,3,8364,55.76,238.97,0,LOW
10,8,1,3994,222.69,458.12,0,LOW
10,8,2,151,167.61,344.79,194,HIGH
10,8,3,297,139.35,286.66,0,LOW
10,9,1,26926,156.39,482.57,0,LOW
10,9,2,16356,120.4,371.5,0,LOW
10,9,3,6894,113.29,349.58,0,LOW
10,10,1,56750,358.38,1535.91,0,LOW
10,10,2,37082,265.58,1138.22,0,LOW
10,10,3,12030,238.96,1024.13,0,LOW
20,1,1,429,848.7,1018.44,590,HIGH
20,1,2,376,621.82,746.18,371,HIGH
20,1,3,100,521.34,625.61,526,HIGH
20,2,1,779,1000.56,1200.67,422,HIGH
20,2,2,37,732.14,878.57,842,HIGH
20,2,3,513,697.18,836.61,324,HIGH
20,3,1,3846,519.62,1068.94,0,LOW
20,3,2,1356,400.12,823.1,0,LOW
20,3,3,210,346.03,711.84,502,HIGH
20,4,1,21846,322.97,996.59,0,LOW
20,4,2,12215,222.74,687.32,0,LOW
20,4,3,245,193.36,596.64,352,HIGH
20,5,1,2412,346.57,712.95,0,LOW
20,5,2,365,256.22,527.09,163,HIGH
20,5,3,166,234.47,482.33,317,HIGH
20,6,1,21074,322.45,994.99,0,LOW
20,6,2,11805,225.9,697.06,0,LOW
20,6,3,2238,196.36,605.9,0,LOW
20,7,1,23584,90.66,388.54,0,LOW
20,7,2,11206,74.93,321.12,0,LOW
20,7,3,8364,60.83,260.69,0,LOW
20,8,1,3994,242.94,499.76,0,LOW
20,8,2,151,182.84,376.14,226,HIGH
20,8,3,297,152.02,312.72,16,MEDIUM
20,9,1,26926,170.6,526.44,0,LOW
20,9,2,16356,131.34,405.28,0,LOW
20,9,3,6894,123.59,381.36,0,LOW
20,10,1,56750,390.96,1675.54,0,LOW
20,10,2,37082,289.73,1241.69,0,LOW
20,10,3,12030,260.69,1117.23,0,LOW
30,1,1,429,919.43,1103.31,675,HIGH
30,1,2,376,673.63,808.36,433,HIGH
30,1,3,100,564.78,677.74,578,HIGH
30,2,1,779,1083.94,1300.73,522,HIGH
30,2,2,37,793.16,951.79,915,HIGH
30,2,3,513,755.27,906.33,394,HIGH
30,3,1,3846,562.93,1158.02,0,LOW
30,3,2,1356,433.46,891.69,0,LOW
30,3,3,210,374.87,771.16,562,HIGH
30,4,1,21846,349.88,1079.64,0,LOW
30,4,2,12215,241.31,744.6,0,LOW
30,4,3,245,209.47,646.36,402,HIGH
30,5,1,2412,375.45,772.36,0,LOW
30,5,2,365,277.58,571.01,207,HIGH
30,5,3,166,254.01,522.53,357,HIGH
30,6,1,21074,349.32,1077.91,0,LOW
30,6,2,11805,244.72,755.15,0,LOW
30,6,3,2238,212.72,656.39,0,LOW
30,7,1,23584,98.22,420.92,0,LOW
30,7,2,11206,81.17,347.88,0,LOW
30,7,3,8364,65.9,282.42,0,LOW
30,8,1,3994,263.19,541.41,0,LOW
30,8,2,151,198.08,407.48,257,HIGH
30,8,3,297,164.68,338.78,42,MEDIUM
30,9,1,26926,184.82,570.3,0,LOW
30,9,2,16356,142.28,439.05,0,LOW
30,9,3,6894,133.89,413.14,0,LOW
30,10,1,56750,423.54,1815.17,0,LOW
30,10,2,37082,313.87,1345.17,0,LOW
30,10,3,12030,282.41,1210.34,0,LOW
